{"stats":{"minecraft:killed_by":{"minecraft:chicken":1,"minecraft:zombie":8,"minecraft:pig":1,"undead_revamp2:thepregnant":1,"hordes:zombie_player":2,"zombie_extreme:infected_police":1,"zombie_extreme:runner":3,"alexsmobs:crocodile":2,"undead_revamp2:thesmoker":2,"minecraft:player":4,"zombiemobs:zombie_dolphin":1},"minecraft:custom":{"minecraft:interact_with_crafting_table":107,"minecraft:open_barrel":4,"minecraft:bell_ring":1,"minecraft:leave_game":12,"minecraft:time_since_death":29078,"minecraft:use_bathtub":1,"minecraft:play_time":544527,"minecraft:deaths":30,"minecraft:jump":5146,"minecraft:interact_with_furnace":56,"minecraft:stove_opened":3,"minecraft:sleep_in_bed":15,"minecraft:damage_dealt":110098,"minecraft:inspect_dropper":1,"minecraft:fridge_opened":22,"minecraft:chair_used":1,"minecraft:damage_dealt_absorbed":294,"minecraft:sneak_time":83032,"minecraft:interact_with_blast_furnace":14,"minecraft:drawer_searched":2,"minecraft:total_world_time":544527,"minecraft:trashcan_opened":1,"minecraft:time_since_rest":29251,"minecraft:swim_one_cm":90567,"minecraft:fly_one_cm":792914,"minecraft:freezer_opened":10,"minecraft:open_chest":250,"minecraft:fall_one_cm":110685,"lootr:looted_stat":82,"minecraft:microwave_used":2,"minecraft:sprint_one_cm":1273016,"minecraft:drop":499,"minecraft:talked_to_villager":10,"minecraft:interact_with_brewingstand":1,"minecraft:walk_on_water_one_cm":43188,"minecraft:player_kills":3,"minecraft:crouch_one_cm":182422,"minecraft:mob_kills":692,"minecraft:interact_with_campfire":13,"minecraft:damage_dealt_resisted":9227,"minecraft:climb_one_cm":61719,"minecraft:walk_one_cm":1189681,"minecraft:walk_under_water_one_cm":21320,"minecraft:damage_taken":16008},"minecraft:dropped":{"sophisticatedbackpacks:iron_backpack":3,"farmersdelight:hamburger":2,"another_furniture:light_gray_lamp":1,"contenttweaker:rubber":3,"immersiveengineering:concrete_sheet":8,"quark:warped_vertical_slab":1,"minecraft:glass_bottle":56,"artifacts:cloud_in_a_bottle":1,"refinedstorage:cable":7,"sophisticatedbackpacks:gold_backpack":1,"minecraft:dirt":53,"quark:light_gray_shard":36,"embellishcraft:smooth_basalt":4,"apocalypsenow:fire_figther_boots":3,"biomesoplenty:smooth_white_sandstone":2,"minecraft:jungle_sapling":1,"apocalypsenow:construction_helmet":2,"minecraft:wooden_sword":3,"refinedstorage:crafting_grid":1,"minecraft:iron_pickaxe":1,"minecraft:white_wool":4,"embellishcraft:polished_marble":3,"minecraft:bone":466,"minecraft:stone_axe":5,"minecraft:sugar_cane":22,"apocalypsenow:small_can":57,"minecraft:birch_sapling":41,"embellishcraft:gneiss_large_bricks_wall":1,"minecraft:rotten_flesh":496,"minecraft:oak_planks":79,"apocalypsenow:money":6,"apocalypsenow:bloodybandages":21,"minecraft:salmon":5,"create:scoria":23,"minecraft:quartz_block":6,"apocalypsenow:red_bikers_helmet":2,"minecraft:acacia_sapling":12,"refinedstorage:1k_storage_part":1,"minecraft:painting":7,"immersiveengineering:wirecutter":1,"embellishcraft:sturdy_white_steel_door":1,"minecraft:iron_ingot":1,"minecraft:wheat_seeds":4,"embellishcraft:spruce_wooden_crate":1,"minecraft:smooth_quartz_stairs":1,"createaddition:barbed_wire":37,"embellishcraft:brown_dark_oak_fancy_bed":1,"minecraft:feather":1,"minecraft:cobblestone":9,"minecraft:apple":4,"refinedstorage:16k_storage_part":1,"cfm:oak_park_bench":2,"apocalypsenow:u_sarmy_boots":2,"tac:hk_mp5a5":1,"minecraft:warped_trapdoor":1,"minecraft:wooden_axe":6,"minecraft:potion":10,"pfm:oak_gray_simple_bed":1,"tac:mp9":1,"minecraft:smooth_stone":17,"minecraft:paper":11,"minecraft:string":52,"chalk:blue_chalk":5,"minecraft:furnace":1,"refinedstorage:basic_processor":1,"minecraft:smooth_stone_slab":7,"minecraft:bowl":1,"minecraft:stone_shovel":1,"farmersdelight:beef_stew":1,"createbigcannons:traffic_cone":2,"minecraft:iron_boots":1,"sophisticatedbackpacks:backpack":1,"minecraft:stone_slab":5,"minecraft:polished_deepslate_stairs":5,"immersiveengineering:hammer":1,"minecraft:potato":4,"minecraft:hay_block":1,"quark:polished_calcite_vertical_slab":1,"alexsmobs:cockroach_wing_fragment":1,"cfm:stripped_oak_coffee_table":2,"quark:stripped_spruce_post":2,"minecraft:stone_bricks":5,"create:cut_calcite":1,"minecraft:quartz_slab":2,"minecraft:daylight_detector":1,"minecraft:birch_planks":75,"minecraft:diamond_axe":3,"minecraft:baked_potato":5,"apocalypsenow:u_sarmy_leggings":2,"minecraft:birch_slab":5,"refinedstorage:4k_storage_part":1,"minecraft:cyan_terracotta":13,"farmersdelight:salmon_roll":5,"rocks:cobblestone_splitter":3,"apocalypsenow:money_block":1,"minecraft:dark_oak_log":2,"artifacts:superstitious_hat":1,"apocalypsenow:construction_boots":9,"apocalypsenow:night_stick":3,"apocalypsenow:construction_leggings":5,"embellishcraft:steel_door":7,"create:framed_glass_door":1,"farmersdelight:sweet_berry_cookie":1,"embellishcraft:air_duct":2,"embellishcraft:gray_corrugated_metal_plate_pressure_plate":2,"apocalypsenow:chips":1,"apocalypsenow:can":12,"another_furniture:black_stool":3,"minecraft:birch_log":40,"ftbquests:book":2,"minecraft:gravel":4,"apocalypsenow:royal_canada_police_officer_leggings":1,"artifacts:villager_hat":2,"embellishcraft:sturdy_steel_door":1,"minecraft:cooked_mutton":1,"minecraft:carrot":1,"patchouli:guide_book":4,"minecraft:gunpowder":14,"apocalypsenow:fire_figther_leggings":1,"tac:ae50":12,"apocalypsenow:royal_canada_police_officer_helmet":1,"minecraft:iron_bars":5,"farmersdelight:fish_stew":1,"immersiveengineering:seed":25,"apocalypsenow:human_flesh":25,"minecraft:water_bucket":1,"minecraft:bread":2,"apocalypsenow:police_helmet":1,"embellishcraft:basalt_button":2,"apocalypsenow:mace":1,"quark:gray_shard":27,"apocalypsenow:knife":1,"minecraft:stick":6,"apocalypsenow:black_bikers_helmet":1,"chalk:red_chalk":5,"minecraft:torch":11,"minecraft:smooth_quartz":12,"minecraft:iron_leggings":1,"embellishcraft:spruce_plain_door":3,"apocalypsenow:u_sarmy_chestplate":2,"alexsmobs:maggot":5,"embellishcraft:smooth_marble":2,"minecraft:raw_iron":2,"apocalypsenow:police_chestplate":2,"minecraft:stripped_oak_log":3,"create:polished_cut_calcite":2,"quark:stone_vertical_slab":7,"apocalypsenow:construction_chestplate":4,"create:veridium":2,"apocalypsenow:open_canned_tomatos":2,"minecraft:andesite":3,"immersiveengineering:concrete_quarter":8,"minecraft:oak_sapling":43,"quark:cyan_shard":7,"minecraft:stone_pickaxe":6,"minecraft:wooden_pickaxe":7,"farmersdelight:spruce_cabinet":8},"minecraft:mined":{"cfm:stripped_dark_oak_desk_cabinet":1,"minecraft:white_bed":7,"embellishcraft:white_steel_door":1,"pfm:light_wood_kitchen_drawer":5,"minecraft:jungle_leaves":2,"minecraft:light_gray_bed":5,"minecraft:spawner":49,"embellishcraft:smooth_basalt":24,"cfm:stripped_dark_oak_bedside_cabinet":8,"minecraft:barrel":2,"minecraft:quartz_slab":3,"minecraft:iron_block":11,"create:veridium":1,"create:dark_oak_window_pane":3,"minecraft:red_bed":2,"rocks:dark_oak_stick":1,"embellishcraft:smooth_slate":1,"minecraft:torch":20,"minecraft:blast_furnace":1,"embellishcraft:polished_slate_stairs":2,"immersiveengineering:connector_hv":1,"create:scoria":23,"cfm:stripped_oak_coffee_table":2,"minecraft:sugar_cane":4,"minecraft:damaged_anvil":1,"minecraft:birch_sapling":1,"another_furniture:oak_drawer":8,"minecraft:light_gray_stained_glass":15,"immersiveengineering:slab_steel_scaffolding_standard":1,"quark:spruce_vertical_slab":2,"minecraft:grass":8,"create:vertical_framed_glass_pane":4,"quark:stone_vertical_slab":7,"minecraft:smooth_quartz":28,"simplylight:illuminant_block":1,"minecraft:dark_oak_log":3,"minecraft:cyan_stained_glass":2,"quark:stripped_spruce_post":2,"minecraft:andesite":3,"rocks:birch_stick":1,"create:horizontal_framed_glass_pane":1,"cfm:stripped_dark_oak_desk":1,"minecraft:smooth_quartz_stairs":1,"minecraft:warped_trapdoor":1,"minecraft:green_wool":2,"immersiveengineering:ore_aluminum":7,"create:framed_glass_door":1,"minecraft:copper_ore":6,"immersiveengineering:concrete":37,"cfm:stripped_oak_desk_cabinet":2,"embellishcraft:oak_table":1,"minecraft:birch_leaves":94,"minecraft:gravel":5,"minecraft:cobweb":45,"minecraft:stone_bricks":50,"minecraft:fern":1,"another_furniture:light_gray_lamp":1,"minecraft:spruce_planks":2,"embellishcraft:sturdy_steel_door":2,"minecraft:oak_sapling":1,"sophisticatedbackpacks:gold_backpack":1,"embellishcraft:light_gray_couch":1,"embellishcraft:spruce_wooden_crate":1,"minecraft:grass_block":47,"minecraft:white_concrete":8,"biomesoplenty:smooth_white_sandstone":16,"immersiveengineering:concrete_sheet":4,"minecraft:smooth_stone":28,"create:vertical_framed_glass":15,"minecraft:iron_ore":7,"quark:polished_calcite":1,"pfm:white_fridge":2,"cfm:stripped_oak_bedside_cabinet":8,"another_furniture:dark_oak_drawer":4,"minecraft:iron_bars":5,"quark:potato_crate":1,"minecraft:gray_terracotta":4,"cfm:stripped_oak_cabinet":6,"minecraft:quartz_block":19,"minecraft:cyan_terracotta":82,"minecraft:polished_deepslate_stairs":7,"apocalypsenow:money_block":8,"minecraft:chest":3,"embellishcraft:polished_marble":3,"pfm:dark_wood_kitchen_counter_oven":1,"embellishcraft:smooth_slate_stairs":1,"minecraft:cobblestone":8,"minecraft:oak_planks":37,"createaddition:barbed_wire":99,"minecraft:iron_door":1,"minecraft:wall_torch":11,"pfm:dark_wood_kitchen_drawer":6,"minecraft:birch_log":58,"farmersdelight:cutting_board":1,"minecraft:light_gray_wool":8,"minecraft:tnt":3,"minecraft:smooth_stone_slab":4,"biomesoplenty:clover":2,"minecraft:oak_log":2,"create:framed_glass_trapdoor":1,"cfm:oak_park_bench":2,"minecraft:dirt":80,"quark:polished_calcite_vertical_slab":6,"minecraft:oak_leaves":17,"minecraft:daylight_detector":1,"minecraft:emerald_block":3,"apocalypsenow:beartrapactivated":1,"minecraft:tuff":1,"pfm:oak_light_gray_simple_bed":1,"embellishcraft:air_duct":3,"minecraft:gray_stained_glass_pane":7,"immersiveengineering:concrete_quarter":4,"embellishcraft:smooth_basalt_slab":7,"minecraft:birch_slab":2,"minecraft:spruce_leaves":1,"cfm:stripped_dark_oak_cabinet":12,"quark:bamboo_mat":1,"rocks:rock":4,"create:cut_calcite":2,"minecraft:hay_block":3,"pfm:dark_oak_light_gray_simple_bed":1,"embellishcraft:smooth_marble_slab":2,"minecraft:furnace":8,"farmersdelight:spruce_cabinet":4,"minecraft:gold_block":10,"minecraft:bookshelf":24,"embellishcraft:warning_steel_door":1,"minecraft:stripped_oak_log":63,"minecraft:stone":194,"embellishcraft:steel_door":1,"pfm:light_wood_kitchen_sink":1,"minecraft:crafting_table":7,"minecraft:gray_stained_glass":13,"another_furniture:black_stool":2,"minecraft:stone_slab":4,"embellishcraft:gneiss_large_bricks_wall":2,"biomesoplenty:sprout":4,"quark:warped_vertical_slab":1,"minecraft:gray_wool":72,"minecraft:birch_planks":106,"minecraft:redstone_torch":1,"minecraft:gray_bed":1,"embellishcraft:smooth_marble":57,"minecraft:coal_ore":109,"quark:oak_hedge":1,"embellishcraft:brown_dark_oak_fancy_bed":1,"minecraft:polished_andesite":1},"minecraft:picked_up":{"minecraft:wooden_axe":1,"embellishcraft:warning_steel_door":1,"minecraft:stone_slab":7,"apocalypsenow:can_opener":13,"farmersdelight:cutting_board":2,"embellishcraft:white_steel_door":2,"minecraft:string":938,"pfm:oak_gray_simple_bed":1,"quark:polished_calcite_vertical_slab":6,"embellishcraft:smooth_marble_slab":2,"minecraft:spruce_planks":2,"quark:cyan_shard":7,"minecraft:diamond_ore":10,"artifacts:universal_attractor":4,"quark:stripped_spruce_post":2,"embellishcraft:smooth_slate":1,"embellishcraft:smooth_marble":57,"apocalypsenow:canned_pork":4,"minecraft:acacia_log":38,"immersiveengineering:component_electronic":2,"chalk:blue_chalk":4,"quark:potato_crate":1,"apocalypsenow:fire_figther_leggings":3,"apocalypsenow:porpsi":41,"apocalypsenow:scissors":2,"embellishcraft:steel_door":7,"minecraft:light_gray_bed":5,"create:scoria":23,"artifacts:villager_hat":3,"createaddition:barbed_wire":266,"minecraft:iron_block":16,"minecraft:cyan_terracotta":80,"pfm:dark_wood_kitchen_drawer":6,"apocalypsenow:bikers_helmet":1,"farmersdelight:melon_juice":8,"minecraft:iron_bars":5,"apocalypsenow:money_block":8,"minecraft:birch_log":279,"apocalypsenow:blue_football_armor_leggings":1,"immersiveengineering:concrete_quarter":8,"minecraft:birch_slab":1,"minecraft:iron_door":2,"minecraft:feather":1,"apocalypsenow:peach_juice":22,"minecraft:water_bucket":4,"apocalypsenow:anarchy_boots":1,"cfm:stripped_oak_bedside_cabinet":8,"contenttweaker:rubber":16,"minecraft:lantern":2,"minecraft:gray_terracotta":4,"farmersdelight:salmon_roll":5,"apocalypsenow:human_flesh":25,"cfm:oak_park_bench":2,"ftbquests:book":1,"apocalypsenow:beer":5,"artifacts:antidote_vessel":4,"apocalypsenow:cloth":68,"minecraft:moss_block":2,"cfm:stripped_dark_oak_desk":1,"apocalypsenow:u_sarmy_chestplate":6,"patchouli:guide_book":4,"farmersdelight:spruce_cabinet":13,"chalk:red_chalk":4,"apocalypsenow:chips":165,"sophisticatedbackpacks:iron_backpack":5,"apocalypsenow:black_motorcycle_helmet_helmet":3,"apocalypsenow:dagger":3,"minecraft:dark_oak_log":3,"apocalypsenow:anarchy_leggings":2,"apocalypsenow:coke":184,"minecraft:polished_andesite":1,"minecraft:chainmail_helmet":1,"minecraft:bread":8,"create:framed_glass_door":1,"alexsmobs:maggot":9,"apocalypsenow:construction_helmet":4,"apocalypsenow:scissorst":3,"rocks:cobblestone_splitter":3,"pfm:dark_oak_light_gray_simple_bed":1,"minecraft:diamond_pickaxe":3,"create:cut_calcite":1,"sophisticatedbackpacks:gold_backpack":4,"minecraft:crafting_table":10,"apocalypsenow:letter_opener":4,"apocalypsenow:fire_figther_boots":5,"cfm:stripped_oak_cabinet":12,"apocalypsenow:u_sarmy_helmet":4,"embellishcraft:brown_dark_oak_fancy_bed":1,"minecraft:heavy_weighted_pressure_plate":1,"pfm:dark_wood_kitchen_counter_oven":1,"cfm:stripped_dark_oak_bedside_cabinet":7,"apocalypsenow:medicalkit":39,"nameless_trinkets:broken_magnet":1,"embellishcraft:smooth_basalt":20,"apocalypsenow:construction_boots":14,"minecraft:jungle_sapling":1,"embellishcraft:sturdy_steel_door":2,"minecraft:chest":3,"minecraft:birch_sapling":43,"apocalypsenow:hookey_stick":1,"minecraft:egg":4,"quark:warped_vertical_slab":1,"sophisticatedbackpacks:backpack":1,"apocalypsenow:pipe_wrench":3,"minecraft:carrot":5,"immersiveengineering:concrete":35,"minecraft:tnt":6,"farmersdelight:hamburger":13,"minecraft:shears":3,"minecraft:hay_block":3,"farmersdelight:beef_stew":1,"minecraft:gold_ingot":90,"firstaid:bandage":73,"minecraft:white_wool":21,"minecraft:stripped_oak_log":62,"minecraft:oak_log":69,"embellishcraft:polished_marble":3,"minecraft:paper":212,"embellishcraft:gneiss_large_bricks_wall":2,"embellishcraft:sturdy_white_steel_door":3,"apocalypsenow:u_sarmy_leggings":11,"immersiveengineering:concrete_sheet":8,"apocalypsenow:construction_leggings":10,"minecraft:apple":6,"minecraft:stone_bricks":45,"alexsmobs:cockroach_wing_fragment":1,"apocalypsenow:money":165,"minecraft:stone_pickaxe":2,"apocalypsenow:crowbar":2,"apocalypsenow:fire_figther_helmet":2,"cfm:stripped_oak_desk_cabinet":3,"minecraft:glass_bottle":29,"cfm:stripped_dark_oak_desk_cabinet":1,"minecraft:gray_bed":1,"quark:light_gray_shard":43,"pfm:basic_plate":1,"nameless_trinkets:experience_battery":1,"contenttweaker:resistant_fabric":3,"minecraft:daylight_detector":1,"minecraft:gravel":7,"immersiveengineering:seed":14,"pfm:wall_toilet_paper":1,"minecraft:stone_axe":1,"apocalypsenow:bear_trap":3,"quark:oak_hedge":1,"minecraft:diamond_axe":8,"minecraft:painting":7,"minecraft:gray_wool":78,"embellishcraft:air_duct":2,"minecraft:baked_potato":1,"apocalypsenow:energy_drink":15,"tac:udp_9":6,"apocalypsenow:bloodybandages":12,"immersiveengineering:plate_duroplast":10,"pfm:light_wood_kitchen_drawer":6,"artifacts:umbrella":4,"minecraft:potion":43,"minecraft:raw_copper":46,"minecraft:smooth_stone_slab":7,"minecraft:iron_leggings":1,"minecraft:smooth_stone":26,"minecraft:smooth_quartz":26,"minecraft:iron_pickaxe":3,"minecraft:smooth_quartz_stairs":1,"minecraft:iron_boots":1,"minecraft:furnace":5,"minecraft:stick":86,"immersiveengineering:connector_hv":1,"minecraft:polished_deepslate_stairs":5,"minecraft:torch":441,"apocalypsenow:iron_baseball_bat":2,"camera:album":7,"quark:spruce_vertical_slab":2,"minecraft:quartz_block":18,"embellishcraft:spruce_plain_door":3,"minecraft:rotten_flesh":752,"embellishcraft:oak_terrace_chair":1,"create:veridium":2,"minecraft:green_wool":6,"minecraft:cobblestone":212,"apocalypsenow:u_sarmy_boots":8,"tac:round45":209,"apocalypsenow:club":3,"apocalypsenow:coffee":17,"minecraft:andesite":3,"quark:polished_calcite":1,"minecraft:potato":1,"apocalypsenow:open_canned_pork":7,"apocalypsenow:cereal":117,"minecraft:warped_trapdoor":1,"apocalypsenow:construction_chestplate":10,"farmersdelight:chicken_sandwich":3,"minecraft:dirt":103,"cgm:grenade":2,"cfm:stripped_oak_coffee_table":2,"another_furniture:black_stool":3,"minecraft:bone":767,"farmersdelight:sweet_berry_cookie":1,"minecraft:wheat_seeds":4,"tac:9mm_round":408,"pfm:light_wood_kitchen_sink":1,"minecraft:oak_planks":159,"pfm:kitchen_stovetop":1,"firstaid:plaster":26,"apocalypsenow:small_can":35,"embellishcraft:basalt_button":2,"immersiveengineering:raw_aluminum":7,"createbigcannons:traffic_cone":2,"apocalypsenow:royal_canada_police_officer_boots":3,"apocalypsenow:golf_stick":3,"minecraft:diamond":14,"artifacts:golden_hook":2,"apocalypsenow:black_bikers_helmet":1,"minecraft:white_concrete":6,"minecraft:oak_sapling":43,"pfm:oak_light_gray_simple_bed":1,"biomesoplenty:smooth_white_sandstone":27,"quark:stone_vertical_slab":7,"create:polished_cut_calcite":2,"minecraft:gold_block":10,"farmersdelight:diamond_knife":1,"minecraft:wooden_sword":1,"another_furniture:light_gray_lamp":1,"minecraft:quartz_slab":3,"artifacts:fire_gauntlet":4,"cfm:stripped_dark_oak_cabinet":18,"apocalypsenow:night_stick":2,"apocalypsenow:mace":8,"apocalypsenow:can":2,"minecraft:light_gray_wool":8,"minecraft:sugar_cane":22,"farmersdelight:kelp_roll_slice":2,"embellishcraft:oak_table":1,"another_furniture:dark_oak_drawer":4,"minecraft:raw_iron":8,"tac:hk_mp5a5":2,"apocalypsenow:combat_knife":1,"tac:b_magnum":3,"artifacts:snorkel":1,"apocalypsenow:open_canned_tomatos":2,"apocalypsenow:whisky":13,"another_furniture:oak_drawer":8,"artifacts:running_shoes":2,"artifacts:cross_necklace":5,"embellishcraft:smooth_slate_stairs":1,"apocalypsenow:fire_figther_chestplate":1,"embellishcraft:gray_corrugated_metal_plate_pressure_plate":2,"minecraft:leather":3,"apocalypsenow:orange_juice":23,"minecraft:birch_planks":267,"minecraft:chainmail_chestplate":2,"artifacts:superstitious_hat":5,"minecraft:gunpowder":10,"artifacts:cloud_in_a_bottle":1,"minecraft:cooked_mutton":21,"embellishcraft:spruce_wooden_crate":1,"minecraft:iron_ingot":70,"apocalypsenow:red_bikers_helmet":4,"simplylight:illuminant_block":1,"minecraft:acacia_sapling":12,"apocalypsenow:grape_juice":8,"minecraft:book":42,"sophisticatedbackpacks:diamond_backpack":3,"apocalypsenow:blue_football_armor_boots":1,"minecraft:emerald_block":3,"apocalypsenow:royal_canada_police_officer_leggings":3,"embellishcraft:smooth_basalt_slab":7,"apocalypsenow:vodka":11,"minecraft:white_bed":8,"pfm:white_fridge":2,"apocalypsenow:royal_canada_police_officer_helmet":1,"apocalypsenow:red_football_armor_leggings":2,"create:brass_ingot":20,"xpbook:xp_tome":2,"minecraft:chainmail_leggings":3,"embellishcraft:polished_slate_stairs":1,"quark:gray_shard":37,"minecraft:damaged_anvil":1,"tac:m1a1_smg":2,"minecraft:coal":116,"apocalypsenow:apple_juice":15},"minecraft:used":{"minecraft:moss_block":2,"minecraft:chest":22,"apocalypsenow:cleaver":114,"apocalypsenow:chips":55,"minecraft:quartz_block":11,"farmersdelight:melon_popsicle":10,"immersiveengineering:concrete":16,"minecraft:furnace":1,"apocalypsenow:combat_knife":258,"apocalypsenow:open_canned_pork":7,"minecraft:egg":16,"minecraft:potato":1,"farmersdelight:hamburger":11,"quark:polished_calcite":1,"apocalypsenow:energy_drink":1,"minecraft:wooden_pickaxe":61,"minecraft:cookie":1,"minecraft:blast_furnace":4,"apocalypsenow:coke":47,"minecraft:birch_slab":6,"embellishcraft:smooth_basalt":9,"minecraft:wooden_sword":47,"farmersdelight:spruce_cabinet":5,"minecraft:birch_log":3,"minecraft:torch":131,"apocalypsenow:u_sarmy_chestplate":2,"apocalypsenow:grape_juice":2,"minecraft:iron_axe":246,"minecraft:smooth_quartz":14,"apocalypsenow:porpsi":3,"minecraft:acacia_planks":9,"sophisticatedbackpacks:gold_backpack":3,"minecraft:water_bucket":10,"minecraft:birch_planks":715,"cfm:stripped_dark_oak_cabinet":6,"minecraft:crafting_table":38,"minecraft:white_bed":11,"minecraft:diamond_pickaxe":635,"minecraft:iron_pickaxe":212,"cgm:grenade":5,"minecraft:cobblestone":70,"minecraft:potion":34,"cfm:stripped_oak_cabinet":11,"farmersdelight:melon_juice":13,"apocalypsenow:apple_juice":9,"farmersdelight:fish_stew":1,"minecraft:carrot":1,"farmersdelight:sweet_berry_cookie":3,"embellishcraft:smooth_marble":41,"minecraft:cyan_terracotta":8,"farmersdelight:tomato":1,"minecraft:quartz_slab":1,"minecraft:stone_bricks":10,"minecraft:gray_bed":2,"farmersdelight:salmon_roll":1,"minecraft:stone_pickaxe":201,"minecraft:oak_planks":351,"minecraft:diamond_axe":1360,"farmersdelight:chicken_sandwich":10,"apocalypsenow:construction_chestplate":1,"farmersdelight:cod_roll":4,"minecraft:shears":73,"apocalypsenow:u_sarmy_leggings":1,"embellishcraft:polished_slate_stairs":1,"minecraft:bread":6,"minecraft:gravel":3,"apocalypsenow:mace":128,"farmersdelight:kelp_roll_slice":5,"sophisticatedbackpacks:iron_backpack":2,"farmersdelight:diamond_knife":402,"minecraft:stone_shovel":40,"minecraft:dirt":32,"minecraft:wooden_axe":117,"biomesoplenty:smooth_white_sandstone":21,"quark:spruce_vertical_slab":2,"apocalypsenow:night_stick":55,"minecraft:light_gray_bed":2,"minecraft:cooked_mutton":8,"minecraft:glass_bottle":14,"createaddition:barbed_wire":133,"embellishcraft:smooth_marble_slab":2,"minecraft:gray_terracotta":1,"farmersdelight:apple_cider":2,"minecraft:apple":1,"minecraft:stone_axe":398,"apocalypsenow:peach_juice":2,"apocalypsenow:open_canned_tomatos":6,"minecraft:bucket":11,"apocalypsenow:human_flesh":1,"minecraft:gray_wool":1,"minecraft:smooth_stone":1},"minecraft:crafted":{"minecraft:smooth_stone":16,"immersiveengineering:hammer":1,"minecraft:cooked_mutton":6,"minecraft:diamond_axe":2,"minecraft:copper_ingot":23,"minecraft:stone_shovel":1,"minecraft:stone_pickaxe":2,"minecraft:potion":20,"minecraft:wooden_axe":4,"minecraft:white_bed":1,"farmersdelight:diamond_knife":1,"minecraft:oak_planks":4,"minecraft:stone":16,"minecraft:crafting_table":5,"minecraft:baked_potato":5,"minecraft:wooden_pickaxe":1,"minecraft:diamond_pickaxe":1,"sophisticatedbackpacks:diamond_backpack":1,"minecraft:stick":28,"minecraft:shears":2,"minecraft:wooden_sword":2,"minecraft:furnace":1,"minecraft:iron_axe":1,"immersiveengineering:wirecutter":1,"minecraft:bucket":1,"minecraft:stone_axe":2,"minecraft:air":2288,"minecraft:white_wool":7,"firstaid:bandage":2},"minecraft:killed":{"minecraft:fox":1,"minecraft:chicken":1,"undead_revamp2:thepregnant":1,"minecraft:zombie":404,"zombiemobs:zombie_horsee":1,"hordes:zombie_player":4,"undead_revamp2:bomber":1,"zombie_extreme:demolisher":1,"zombiemobs:zombie_wolf":1,"zombie_extreme:runner":21,"zombie_extreme:crawler":7,"minecraft:husk":75,"zombiemobs:zombie_mooshroom":1,"undead_revamp2:the_moonflower":2,"alexsmobs:crocodile":1,"zombiemobs:zombie_goat":1,"undead_revamp2:thesmoker":24,"undead_revamp2:crackleball":5,"minecraft:zombie_villager":2,"minecraft:sheep":4,"undead_revamp2:theordure":2,"zombie_extreme:infected_police":2,"alexsmobs:fly":5,"minecraft:drowned":4},"minecraft:broken":{"apocalypsenow:cleaver":1,"apocalypsenow:royal_canada_police_officer_boots":1,"minecraft:iron_axe":2,"minecraft:stone_axe":4,"apocalypsenow:construction_chestplate":1,"minecraft:wooden_axe":2,"minecraft:leather_chestplate":1,"apocalypsenow:black_motorcycle_helmet_helmet":2,"minecraft:diamond_axe":1,"apocalypsenow:u_sarmy_helmet":4}},"DataVersion":2975}