{"stats":{"minecraft:mined":{"minecraft:birch_log":7,"minecraft:birch_leaves":1},"minecraft:used":{"minecraft:wooden_pickaxe":8},"minecraft:picked_up":{"minecraft:birch_log":7},"minecraft:custom":{"minecraft:jump":4,"minecraft:time_since_rest":787,"minecraft:crouch_one_cm":189,"minecraft:leave_game":1,"minecraft:sprint_one_cm":91,"minecraft:play_time":787,"minecraft:time_since_death":787,"minecraft:walk_one_cm":439,"minecraft:sneak_time":194,"minecraft:total_world_time":787,"minecraft:fly_one_cm":193}},"DataVersion":2975}