{"stats":{"minecraft:custom":{"lootr:looted_stat":58,"minecraft:interact_with_crafting_table":12,"minecraft:leave_game":7,"minecraft:time_since_death":40233,"minecraft:sprint_one_cm":755081,"minecraft:drop":323,"minecraft:talked_to_villager":5,"minecraft:play_time":381799,"minecraft:deaths":24,"minecraft:jump":2298,"minecraft:walk_on_water_one_cm":80213,"minecraft:interact_with_furnace":17,"minecraft:stove_opened":1,"minecraft:sleep_in_bed":21,"minecraft:open_enderchest":1,"minecraft:damage_dealt":45529,"minecraft:player_kills":1,"minecraft:crouch_one_cm":39149,"minecraft:mob_kills":270,"minecraft:damage_dealt_resisted":535,"minecraft:climb_one_cm":33169,"minecraft:walk_one_cm":1027128,"minecraft:damage_dealt_absorbed":160,"minecraft:sneak_time":14809,"minecraft:walk_under_water_one_cm":37955,"minecraft:interact_with_blast_furnace":1,"minecraft:drawer_searched":4,"minecraft:total_world_time":381799,"minecraft:toilet_used":8,"minecraft:trashcan_opened":1,"minecraft:cabinet_searched":1,"minecraft:time_since_rest":4731,"minecraft:damage_taken":9233,"minecraft:swim_one_cm":27474,"minecraft:fly_one_cm":526833,"minecraft:freezer_opened":2,"minecraft:open_chest":218,"minecraft:fall_one_cm":70974},"minecraft:broken":{"minecraft:stone_axe":1,"apocalypsenow:construction_helmet":1},"minecraft:killed":{"undead_revamp2:thesmoker":5,"minecraft:zombie_villager":2,"minecraft:zombie":201,"zombie_extreme:infected_police":1,"alexsmobs:fly":1,"hordes:zombie_player":3,"undead_revamp2:bomber":1,"minecraft:drowned":1,"zombie_extreme:runner":5,"zombie_extreme:crawler":5,"minecraft:husk":16,"undead_revamp2:the_moonflower":4},"minecraft:used":{"minecraft:chest":34,"farmersdelight:melon_juice":3,"minecraft:rotten_flesh":17,"embellishcraft:smooth_marble":2,"apocalypsenow:coffee":1,"farmersdelight:tomato":3,"minecraft:cyan_terracotta":1,"farmersdelight:fried_rice":1,"minecraft:quartz_block":2,"apocalypsenow:money_block":5,"minecraft:stone_bricks":3,"embellishcraft:white_spruce_fancy_bed":1,"minecraft:hay_block":1,"apocalypsenow:bayonet":214,"farmersdelight:shepherds_pie_block":1,"farmersdelight:beef_stew":1,"apocalypsenow:energy_drink":2,"apocalypsenow:electric_baton":746,"minecraft:stone_pickaxe":60,"minecraft:oak_planks":61,"minecraft:wooden_pickaxe":9,"apocalypsenow:construction_chestplate":1,"apocalypsenow:coke":6,"apocalypsenow:iron_baseball_bat":3,"minecraft:bread":6,"apocalypsenow:construction_leggings":1,"farmersdelight:spruce_cabinet":31,"minecraft:smooth_stone_slab":1,"pfm:oak_gray_simple_bed":1,"minecraft:stone_shovel":2,"minecraft:torch":55,"minecraft:dirt":23,"farmersdelight:stuffed_pumpkin_block":1,"apocalypsenow:knife":41,"minecraft:iron_axe":201,"minecraft:smooth_quartz":2,"quark:spruce_vertical_slab":1,"farmersdelight:roast_chicken_block":2,"minecraft:water_bucket":21,"apocalypsenow:black_bikers_helmet":1,"farmersdelight:skillet":2,"minecraft:birch_planks":30,"minecraft:glass_bottle":4,"minecraft:baked_potato":9,"simplylight:edge_light":1,"create:nixie_tube":1,"minecraft:cauldron":1,"createaddition:barbed_wire":4,"minecraft:crafting_table":3,"minecraft:white_bed":2,"minecraft:iron_pickaxe":143,"minecraft:stone_slab":5,"minecraft:stone_axe":66,"minecraft:potion":32,"minecraft:cobblestone":5,"farmersdelight:egg_sandwich":2,"minecraft:bucket":21,"apocalypsenow:construction_boots":1,"pfm:basic_toilet":10},"minecraft:dropped":{"sophisticatedbackpacks:iron_backpack":2,"minecraft:birch_planks":11,"minecraft:baked_potato":7,"minecraft:diamond":2,"minecraft:glass_bottle":28,"minecraft:cookie":1,"apocalypsenow:medicalkit":2,"cfm:stripped_oak_cabinet":1,"artifacts:universal_attractor":1,"refinedstorage:4k_storage_part":1,"sophisticatedbackpacks:gold_backpack":4,"minecraft:cyan_terracotta":6,"minecraft:dirt":1,"quark:iron_ladder":1,"apocalypsenow:construction_leggings":4,"apocalypsenow:construction_boots":7,"embellishcraft:smooth_basalt":2,"embellishcraft:steel_door":2,"minecraft:mutton":12,"create:contraption_controls":1,"apocalypsenow:construction_helmet":3,"minecraft:wooden_sword":1,"embellishcraft:gray_corrugated_metal_plate_pressure_plate":4,"apocalypsenow:can":5,"ftbquests:book":2,"minecraft:gold_ingot":4,"minecraft:bone":58,"cfm:stripped_dark_oak_cabinet":6,"apocalypsenow:small_can":16,"minecraft:birch_sapling":5,"farmersdelight:cabbage":9,"minecraft:rotten_flesh":89,"minecraft:oak_planks":1,"apocalypsenow:money":71,"apocalypsenow:bloodybandages":5,"minecraft:leather_chestplate":2,"minecraft:gunpowder":2,"minecraft:quartz_block":2,"minecraft:iron_bars":4,"immersiveengineering:seed":1,"camera:album":1,"apocalypsenow:human_flesh":8,"minecraft:water_bucket":2,"minecraft:iron_ingot":1,"minecraft:wheat_seeds":4,"embellishcraft:basalt_button":1,"createaddition:barbed_wire":30,"minecraft:cobblestone":4,"quark:gray_shard":2,"minecraft:copper_ingot":1,"apocalypsenow:knife":1,"apocalypsenow:u_sarmy_boots":1,"minecraft:stick":7,"minecraft:iron_block":4,"minecraft:gray_wool":5,"tac:m4":1,"apocalypsenow:black_bikers_helmet":4,"immersiveengineering:plate_duroplast":1,"farmersdelight:melon_popsicle":4,"minecraft:torch":23,"minecraft:iron_door":2,"minecraft:potion":9,"minecraft:iron_axe":1,"embellishcraft:spruce_plain_door":2,"minecraft:string":38,"minecraft:gray_carpet":8,"apocalypsenow:u_sarmy_chestplate":1,"minecraft:smooth_stone_slab":7,"minecraft:bowl":4,"embellishcraft:smooth_marble":8,"minecraft:raw_iron":3,"farmersdelight:beef_stew":1,"createbigcannons:traffic_cone":1,"minecraft:stone_slab":2,"create:polished_cut_calcite":2,"apocalypsenow:canned_pork":4,"apocalypsenow:iron_baseball_bat":1,"minecraft:potato":12,"alexsmobs:cockroach_wing_fragment":1,"artifacts:antidote_vessel":1,"minecraft:oak_sapling":7,"minecraft:stone_bricks":10,"apocalypsenow:forestguard_leggings":1,"minecraft:stone_pickaxe":2,"minecraft:wooden_pickaxe":1,"farmersdelight:spruce_cabinet":4},"minecraft:mined":{"cfm:stripped_dark_oak_desk_cabinet":3,"minecraft:white_bed":1,"embellishcraft:sturdy_steel_door":7,"pfm:light_wood_kitchen_drawer":2,"farmersdelight:roast_chicken_block":2,"sophisticatedbackpacks:gold_backpack":1,"minecraft:grass_block":19,"sophisticatedbackpacks:iron_backpack":1,"embellishcraft:grid_air_duct":2,"minecraft:light_gray_bed":3,"minecraft:spawner":34,"cfm:stripped_dark_oak_bedside_cabinet":2,"rocks:oak_stick":1,"quark:polished_calcite":2,"another_furniture:dark_oak_drawer":8,"minecraft:iron_bars":7,"minecraft:iron_block":7,"create:dark_oak_window_pane":2,"cfm:stripped_oak_cabinet":1,"minecraft:quartz_block":2,"minecraft:cyan_terracotta":3,"embellishcraft:smooth_slate":1,"apocalypsenow:money_block":4,"minecraft:torch":9,"minecraft:chest":1,"embellishcraft:polished_marble":3,"create:nixie_tube":2,"minecraft:sugar_cane":2,"minecraft:oak_planks":34,"createaddition:barbed_wire":35,"minecraft:iron_door":1,"minecraft:wall_torch":17,"pfm:dark_wood_kitchen_drawer":2,"create:contraption_controls":1,"another_furniture:oak_drawer":4,"pfm:basic_toilet":10,"minecraft:birch_log":8,"quark:spruce_vertical_slab":1,"minecraft:smooth_stone_slab":1,"embellishcraft:white_spruce_fancy_bed":1,"minecraft:grass":4,"biomesoplenty:clover":1,"minecraft:oak_log":25,"minecraft:dirt":17,"minecraft:smooth_quartz":2,"pfm:oak_gray_simple_bed":1,"minecraft:oak_leaves":15,"embellishcraft:air_duct":1,"minecraft:dark_oak_leaves":2,"minecraft:gray_stained_glass_pane":2,"cfm:stripped_dark_oak_cabinet":6,"minecraft:hay_block":2,"immersivepetroleum:asphalt":3,"farmersdelight:spruce_cabinet":69,"rocks:birch_stick":1,"simplylight:edge_light":1,"cfm:stripped_dark_oak_desk":1,"minecraft:stone":41,"create:polished_cut_calcite":2,"minecraft:ender_chest":1,"createbigcannons:traffic_cone":1,"minecraft:gray_stained_glass":2,"minecraft:stone_slab":2,"minecraft:diorite":11,"minecraft:birch_planks":3,"minecraft:birch_leaves":5,"embellishcraft:smooth_marble":7,"minecraft:coal_ore":1,"minecraft:gray_carpet":2,"minecraft:cobweb":4,"minecraft:stone_bricks":1},"minecraft:crafted":{"apocalypsenow:construction_chestplate":1,"minecraft:cauldron":1,"minecraft:baked_potato":11,"apocalypsenow:u_sarmy_leggings":2,"sophisticatedbackpacks:diamond_backpack":1,"minecraft:stick":8,"minecraft:iron_axe":1,"apocalypsenow:u_sarmy_boots":1,"minecraft:air":422,"minecraft:potion":5},"minecraft:killed_by":{"undead_revamp2:the_moonflower":1,"minecraft:zombie":6,"undead_revamp2:thesmoker":3,"zombie_extreme:crawler":1,"minecraft:husk":3,"minecraft:player":2,"zombiemobs:zombie_dolphin":1,"zombie_extreme:infected_police":1},"minecraft:picked_up":{"apocalypsenow:energy_drink":11,"tac:udp_9":4,"minecraft:chainmail_boots":2,"minecraft:lead":1,"apocalypsenow:bloodybandages":2,"immersiveengineering:plate_duroplast":16,"pfm:light_wood_kitchen_drawer":2,"minecraft:stone_slab":7,"artifacts:bunny_hoppers":2,"artifacts:umbrella":2,"minecraft:potion":25,"apocalypsenow:can_opener":4,"camera:camera":3,"farmersdelight:cutting_board":2,"minecraft:string":350,"minecraft:smooth_stone_slab":13,"pfm:oak_gray_simple_bed":1,"pipez:energy_pipe":2,"create:nixie_tube":4,"apocalypsenow:knife":2,"farmersdelight:cabbage":12,"minecraft:smooth_quartz":2,"create:contraption_controls":3,"minecraft:iron_pickaxe":4,"minecraft:stick":16,"artifacts:universal_attractor":1,"embellishcraft:smooth_marble":13,"tac:m4":4,"minecraft:torch":172,"tac:mp9":3,"minecraft:diorite":11,"chalk:blue_chalk":1,"apocalypsenow:iron_baseball_bat":4,"camera:album":3,"quark:spruce_vertical_slab":1,"farmersdelight:melon_popsicle":4,"minecraft:quartz_block":4,"apocalypsenow:porpsi":61,"embellishcraft:spruce_plain_door":2,"embellishcraft:steel_door":6,"minecraft:rotten_flesh":525,"createaddition:barbed_wire":52,"farmersdelight:onion":3,"minecraft:iron_block":6,"minecraft:cyan_terracotta":7,"pfm:dark_wood_kitchen_drawer":2,"apocalypsenow:police_chestplate":6,"apocalypsenow:police_boots":2,"minecraft:obsidian":16,"minecraft:iron_bars":4,"apocalypsenow:money_block":10,"minecraft:cobblestone":43,"minecraft:birch_log":21,"apocalypsenow:u_sarmy_boots":5,"tac:round45":84,"apocalypsenow:blue_football_armor_leggings":2,"minecraft:leather_chestplate":1,"apocalypsenow:club":2,"apocalypsenow:peach_juice":18,"minecraft:iron_door":2,"apocalypsenow:coffee":19,"minecraft:water_bucket":3,"minecraft:potato":55,"apocalypsenow:cereal":41,"quark:iron_ladder":1,"contenttweaker:rubber":26,"farmersdelight:roast_chicken_block":2,"immersivepetroleum:asphalt":3,"apocalypsenow:construction_chestplate":8,"minecraft:dirt":28,"apocalypsenow:canned_tomatos":10,"cgm:grenade":1,"minecraft:bone":511,"nameless_trinkets:experience_magnet":1,"apocalypsenow:human_flesh":15,"minecraft:wheat_seeds":4,"apocalypsenow:royal_canada_police_officer_chestplate":3,"ftbquests:book":1,"apocalypsenow:beer":10,"pfm:basic_toilet":22,"artifacts:antidote_vessel":1,"apocalypsenow:cloth":71,"tac:9mm_round":169,"apocalypsenow:police_helmet":1,"apocalypsenow:electric_baton":5,"minecraft:oak_planks":12,"apocalypsenow:red_football_armor_helmet":1,"firstaid:plaster":14,"apocalypsenow:canned_carrot":6,"apocalypsenow:u_sarmy_chestplate":3,"embellishcraft:basalt_button":1,"apocalypsenow:small_can":10,"farmersdelight:spruce_cabinet":57,"apocalypsenow:chips":37,"createbigcannons:traffic_cone":1,"sophisticatedbackpacks:iron_backpack":2,"apocalypsenow:dagger":2,"apocalypsenow:coke":41,"apocalypsenow:golf_stick":4,"apocalypsenow:bayonet":4,"minecraft:diamond":3,"apocalypsenow:black_bikers_helmet":4,"minecraft:bread":2,"minecraft:oak_sapling":25,"apocalypsenow:scissorst":1,"apocalypsenow:construction_helmet":11,"sophisticatedbackpacks:gold_backpack":5,"apocalypsenow:bread_knife":2,"apocalypsenow:letter_opener":2,"minecraft:chicken":20,"cfm:stripped_oak_cabinet":1,"create:polished_cut_calcite":2,"minecraft:iron_axe":5,"minecraft:wooden_sword":1,"artifacts:feral_claws":2,"cfm:stripped_dark_oak_bedside_cabinet":2,"apocalypsenow:medicalkit":18,"cfm:stripped_dark_oak_cabinet":6,"embellishcraft:smooth_basalt":2,"apocalypsenow:mace":1,"apocalypsenow:construction_boots":10,"apocalypsenow:can":5,"embellishcraft:sturdy_steel_door":7,"minecraft:sugar_cane":12,"minecraft:chest":1,"minecraft:birch_sapling":10,"apocalypsenow:hookey_stick":1,"another_furniture:dark_oak_drawer":8,"minecraft:raw_iron":3,"minecraft:copper_ingot":1,"minecraft:bowl":2,"artifacts:vampiric_glove":1,"apocalypsenow:pipe_wrench":5,"minecraft:cookie":1,"apocalypsenow:forestguard_leggings":1,"tac:hk_mp5a5":1,"refinedstorage:4k_storage_part":3,"minecraft:stone_shovel":2,"apocalypsenow:whisky":28,"another_furniture:oak_drawer":4,"minecraft:hay_block":1,"apocalypsenow:red_football_armor_boots":2,"artifacts:running_shoes":1,"farmersdelight:beef_stew":1,"minecraft:gold_ingot":85,"firstaid:bandage":15,"minecraft:mutton":24,"minecraft:white_wool":21,"simplylight:edge_light":1,"embellishcraft:gray_corrugated_metal_plate_pressure_plate":6,"apocalypsenow:orange_juice":30,"minecraft:birch_planks":59,"minecraft:oak_log":79,"embellishcraft:polished_marble":2,"minecraft:chainmail_chestplate":1,"minecraft:gunpowder":2,"artifacts:cloud_in_a_bottle":1,"farmersdelight:skillet":1,"minecraft:paper":147,"minecraft:cooked_mutton":3,"apocalypsenow:u_sarmy_leggings":5,"minecraft:apple":1,"apocalypsenow:construction_leggings":5,"minecraft:stone_bricks":13,"minecraft:gray_carpet":8,"alexsmobs:cockroach_wing_fragment":1,"apocalypsenow:money":512,"minecraft:iron_ingot":2,"minecraft:stone_pickaxe":2,"refinedstorage:cable":13,"apocalypsenow:fire_figther_helmet":1,"minecraft:glass_bottle":16,"cfm:stripped_dark_oak_desk_cabinet":3,"embellishcraft:white_spruce_fancy_bed":1,"tac:ae50":18,"apocalypsenow:grape_juice":25,"artifacts:obsidian_skull":1,"contenttweaker:resistant_fabric":1,"apocalypsenow:police_leggings":3,"apocalypsenow:vodka":34,"minecraft:white_bed":1,"nameless_trinkets:super_magnet":1,"immersiveengineering:seed":13,"minecraft:stone_axe":1,"minecraft:chainmail_leggings":2,"minecraft:gray_wool":5,"minecraft:baked_potato":8,"quark:gray_shard":2,"minecraft:coal":1,"apocalypsenow:apple_juice":14}},"DataVersion":2975}