{"stats":{"minecraft:custom":{"minecraft:interact_with_crafting_table":64,"minecraft:open_barrel":17,"minecraft:bell_ring":1,"minecraft:leave_game":9,"minecraft:time_since_death":11417,"minecraft:play_time":526570,"minecraft:deaths":13,"minecraft:jump":7022,"minecraft:interact_with_furnace":83,"minecraft:traded_with_villager":44,"minecraft:stove_opened":7,"minecraft:sleep_in_bed":19,"minecraft:damage_dealt":114461,"minecraft:interact_with_smoker":4,"minecraft:use_cauldron":3,"minecraft:inspect_dispenser":1,"minecraft:interact_with_anvil":2,"minecraft:fridge_opened":21,"minecraft:sneak_time":41345,"minecraft:interact_with_blast_furnace":4,"minecraft:drawer_searched":31,"minecraft:total_world_time":526570,"minecraft:trashcan_opened":7,"minecraft:cabinet_searched":3,"minecraft:time_since_rest":0,"minecraft:swim_one_cm":14296,"minecraft:fly_one_cm":815774,"minecraft:freezer_opened":15,"minecraft:open_chest":411,"minecraft:fall_one_cm":74799,"lootr:looted_stat":124,"minecraft:open_shulker_box":17,"minecraft:sprint_one_cm":780108,"minecraft:drop":304,"minecraft:talked_to_villager":16,"minecraft:walk_on_water_one_cm":37051,"minecraft:open_enderchest":2,"minecraft:player_kills":4,"minecraft:crouch_one_cm":113436,"minecraft:mob_kills":638,"minecraft:fill_cauldron":1,"minecraft:damage_dealt_resisted":2794,"minecraft:climb_one_cm":57625,"minecraft:walk_one_cm":1879481,"minecraft:walk_under_water_one_cm":27403,"minecraft:damage_taken":9453,"minecraft:trigger_trapped_chest":4},"minecraft:killed_by":{"undead_revamp2:the_moonflower":2,"minecraft:zombie":3,"hordes:zombie_player":1,"undead_revamp2:bomber":1,"minecraft:player":3},"minecraft:dropped":{"farmersdelight:hamburger":11,"farmersdelight:honey_cookie":2,"contenttweaker:rubber":2,"immersiveengineering:concrete_sheet":1,"minecraft:glass_bottle":1,"minecraft:diamond":2,"artifacts:cloud_in_a_bottle":1,"minecraft:rail":27,"refinedstorage:cable":11,"sophisticatedbackpacks:gold_backpack":1,"minecraft:dirt":9,"firstaid:bandage":4,"quark:light_gray_shard":29,"minecraft:stone_button":2,"embellishcraft:smooth_basalt":7,"minecraft:wooden_sword":1,"minecraft:iron_pickaxe":1,"embellishcraft:polished_marble":2,"minecraft:bone":96,"minecraft:green_wool":2,"minecraft:stone_axe":1,"minecraft:detector_rail":5,"minecraft:cobbled_deepslate":109,"apocalypsenow:small_can":11,"minecraft:wheat":8,"minecraft:birch_sapling":9,"cfm:stone_chair":1,"farmersdelight:cabbage":3,"minecraft:rotten_flesh":213,"minecraft:oak_planks":2,"apocalypsenow:money":199,"refinedstorage:improved_processor":1,"apocalypsenow:bloodybandages":3,"immersiveengineering:sheetmetal_iron":1,"minecraft:salmon":8,"apocalypsenow:coffee":1,"artifacts:umbrella":1,"minecraft:heavy_weighted_pressure_plate":4,"farmersdelight:honey_glazed_ham_block":2,"car:repair_kit":1,"camera:camera":1,"apocalypsenow:fire_axe":1,"tac:deagle_357":2,"apocalypsenow:can_opener":1,"cfm:cyan_kitchen_counter":5,"pfm:white_fridge":2,"minecraft:egg":8,"quark:spruce_vertical_slab":1,"minecraft:iron_ingot":37,"immersiveengineering:concrete":2,"apocalypsenow:police_boots":1,"minecraft:wheat_seeds":3,"farmersdelight:skillet":1,"securitycraft:security_camera":2,"minecraft:granite":47,"apocalypsenow:u_sarmy_boots":1,"embellishcraft:polished_marble_slab":2,"createdeco:cast_iron_mesh_fence":1,"minecraft:potion":24,"pfm:oak_gray_simple_bed":1,"quark:calcite_bricks":3,"minecraft:smooth_stone":1,"minecraft:string":27,"chalk:blue_chalk":2,"artifacts:bunny_hoppers":1,"quark:framed_glass_pane":1,"minecraft:smooth_stone_slab":3,"minecraft:bowl":1,"farmersdelight:kelp_roll_slice":1,"minecraft:stone_shovel":1,"minecraft:potato":5,"tac:udp_9":1,"artifacts:antidote_vessel":1,"apocalypsenow:electric_baton":1,"minecraft:stone_bricks":2,"minecraft:barrel":4,"apocalypsenow:forestguard_leggings":1,"tac:9mm_round":227,"quark:smooth_quartz_vertical_slab":4,"farmersdelight:tomato":3,"minecraft:birch_planks":6,"tac:round45":16,"immersiveengineering:blueprint":3,"tac:m1911":1,"apocalypsenow:medicalkit":12,"embellishcraft:oak_terrace_table":2,"embellishcraft:white_steel_door":4,"minecraft:cyan_terracotta":7,"quark:iron_ladder":1,"apocalypsenow:construction_leggings":1,"embellishcraft:gray_corrugated_metal_plate_pressure_plate":2,"ftbquests:book":1,"minecraft:birch_log":20,"minecraft:gold_ingot":38,"minecraft:gravel":12,"cfm:gray_kitchen_sink":2,"apocalypsenow:safe":1,"apocalypsenow:royal_canada_police_officer_leggings":1,"immersiveengineering:metal_barrel":1,"minecraft:carrot":5,"minecraft:chainmail_chestplate":1,"immersivepetroleum:asphalt":3,"immersiveengineering:seed":12,"apocalypsenow:human_flesh":10,"minecraft:water_bucket":3,"apocalypsenow:police_helmet":2,"embellishcraft:smooth_basalt_slab":2,"apocalypsenow:mace":1,"quark:gray_shard":15,"apocalypsenow:scalpel":1,"minecraft:activator_rail":3,"apocalypsenow:knife":1,"minecraft:iron_block":10,"minecraft:diorite":15,"chalk:red_chalk":2,"minecraft:torch":44,"minecraft:smooth_quartz":12,"minecraft:iron_door":14,"minecraft:smooth_quartz_slab":1,"minecraft:bucket":1,"apocalypsenow:energy_drink":2,"minecraft:polished_deepslate":1,"apocalypsenow:u_sarmy_chestplate":1,"embellishcraft:smooth_marble":7,"minecraft:tuff":29,"apocalypsenow:police_chestplate":2,"farmersdelight:tomato_sauce":3,"embellishcraft:plate":1,"farmersdelight:chicken_sandwich":3,"minecraft:gray_terracotta":8,"minecraft:andesite":15,"minecraft:quartz_stairs":1,"minecraft:oak_sapling":45,"artifacts:cross_necklace":1,"minecraft:stone_pickaxe":2,"minecraft:wooden_pickaxe":1,"apocalypsenow:nurse_chestplate":1},"minecraft:mined":{"minecraft:dark_oak_planks":1,"farmersdelight:rice_bag":5,"minecraft:white_bed":3,"embellishcraft:white_steel_door":10,"pfm:light_wood_kitchen_drawer":4,"create:andesite_casing":3,"quark:oak_post":1,"minecraft:obsidian":6,"minecraft:granite":43,"minecraft:light_gray_bed":4,"minecraft:coal_block":13,"minecraft:spawner":97,"embellishcraft:smooth_basalt":32,"cfm:gray_kitchen_sink":1,"cfm:stripped_dark_oak_bedside_cabinet":3,"minecraft:cobbled_deepslate":1,"quark:calcite_bricks":4,"minecraft:barrel":4,"minecraft:deepslate_lapis_ore":4,"pfm:light_wood_kitchen_counter":2,"immersiveengineering:connector_lv":2,"minecraft:oak_stairs":1,"minecraft:iron_block":12,"create:mechanical_press":1,"create:cogwheel":1,"farmersdelight:potato_crate":4,"immersiveengineering:metal_barrel":1,"minecraft:torch":7,"farmersdelight:cabbage_crate":3,"quark:framed_glass_pane":1,"create:framed_glass":15,"create:scoria":29,"minecraft:smooth_quartz_slab":1,"minecraft:bricks":2,"create:contraption_controls":1,"minecraft:birch_sapling":2,"immersiveengineering:storage_steel":3,"another_furniture:oak_drawer":5,"create:sticky_mechanical_piston":1,"minecraft:light_gray_stained_glass":9,"quark:gunpowder_sack":4,"quark:spruce_vertical_slab":2,"quark:azalea_post":2,"minecraft:grass":3,"create:vertical_framed_glass_pane":9,"cfm:gray_kitchen_counter":2,"minecraft:smooth_quartz":14,"quark:stone_vertical_slab":2,"cfm:brown_kitchen_counter":4,"minecraft:deepslate":451,"quark:iron_ladder":2,"create:zinc_ore":6,"quark:smooth_quartz_vertical_slab":9,"apocalypsenow:pile_of_tires":1,"minecraft:shulker_box":1,"embellishcraft:gray_corrugated_metal_plate_slab":2,"create:mechanical_arm":2,"minecraft:moss_block":2,"immersiveengineering:ore_silver":1,"apocalypsenow:iron_locker":4,"cfm:stone_chair":1,"pfm:light_wood_kitchen_wall_drawer":3,"minecraft:andesite":29,"createdeco:cast_iron_mesh_fence":1,"create:deployer":2,"minecraft:white_wool":1,"minecraft:green_wool":4,"minecraft:ender_chest":1,"embellishcraft:oak_terrace_table":2,"minecraft:stone_brick_slab":1,"minecraft:observer":1,"create:mechanical_pump":1,"immersiveengineering:heavy_engineering":1,"minecraft:campfire":1,"minecraft:copper_ore":10,"minecraft:deepslate_gold_ore":3,"minecraft:diorite":38,"cfm:stripped_oak_desk_cabinet":2,"immersiveengineering:concrete":2,"minecraft:black_stained_glass":3,"minecraft:red_terracotta":1,"create:gearbox":3,"minecraft:creeper_head":1,"minecraft:birch_leaves":17,"minecraft:gravel":17,"pfm:arm_chair_leather":1,"minecraft:cobweb":39,"minecraft:polished_blackstone":1,"minecraft:stone_bricks":24,"create:deepslate_zinc_ore":12,"minecraft:spruce_planks":8,"zombie_extreme:tube_tv":1,"embellishcraft:sturdy_steel_door":3,"minecraft:oak_sapling":3,"pfm:dark_wood_kitchen_cabinet":3,"immersiveengineering:fluid_pipe":1,"apocalypsenow:safe":1,"farmersdelight:tomato_crate":3,"embellishcraft:sturdy_white_steel_door":1,"cfm:stripped_spruce_park_bench":3,"minecraft:grass_block":13,"minecraft:white_concrete":8,"biomesoplenty:smooth_white_sandstone":18,"immersiveengineering:concrete_sheet":1,"quark:azalea_hedge":2,"minecraft:smooth_stone":7,"create:vertical_framed_glass":8,"minecraft:iron_ore":1,"minecraft:anvil":2,"minecraft:brown_bed":3,"pfm:white_fridge":7,"cfm:stripped_oak_bedside_cabinet":8,"another_furniture:dark_oak_drawer":4,"cfm:stripped_spruce_kitchen_drawer":14,"minecraft:iron_bars":8,"minecraft:deepslate_redstone_ore":9,"minecraft:brown_shulker_box":10,"minecraft:gray_terracotta":16,"cfm:stripped_oak_cabinet":8,"minecraft:quartz_block":11,"minecraft:cyan_terracotta":25,"apocalypsenow:money_block":9,"embellishcraft:polished_marble":4,"minecraft:nether_quartz_ore":2,"quark:gray_framed_glass":2,"minecraft:cobblestone":7,"minecraft:oak_planks":26,"apocalypsenow:medical_storage":1,"createaddition:barbed_wire":42,"minecraft:iron_door":18,"minecraft:wall_torch":9,"pfm:dark_wood_kitchen_drawer":3,"minecraft:cauldron":4,"create:polished_cut_limestone_slab":1,"minecraft:birch_log":9,"minecraft:smooth_stone_slab":10,"create:framed_glass_trapdoor":4,"minecraft:sand":32,"minecraft:dirt":39,"pfm:oak_gray_simple_bed":2,"minecraft:wither_skeleton_skull":2,"minecraft:ancient_debris":1,"cfm:cyan_kitchen_counter":12,"minecraft:oak_leaves":9,"minecraft:daylight_detector":1,"create:andesite_encased_cogwheel":4,"minecraft:tuff":44,"embellishcraft:gray_corrugated_metal_plate_pressure_plate":1,"minecraft:quartz_stairs":1,"minecraft:dark_oak_leaves":1,"minecraft:deepslate_diamond_ore":4,"minecraft:gray_glazed_terracotta":1,"minecraft:gray_stained_glass_pane":4,"cfm:cyan_cooler":6,"immersiveengineering:concrete_quarter":1,"create:depot":3,"embellishcraft:smooth_basalt_slab":7,"quark:stone_brick_vertical_slab":3,"apocalypsenow:concrete_bricks":6,"rocks:rock":1,"immersivepetroleum:asphalt":12,"minecraft:furnace":12,"farmersdelight:spruce_cabinet":7,"minecraft:gold_block":5,"minecraft:polished_deepslate":1,"quark:nether_wart_sack":1,"minecraft:bookshelf":4,"pfm:white_mirror":2,"embellishcraft:warning_steel_door":2,"minecraft:stripped_oak_log":26,"create:elevator_pulley":1,"minecraft:stone":258,"zombie_extreme:vending_machine":2,"apocalypsenow:planksc":1,"embellishcraft:steel_door":8,"quark:smooth_stone_vertical_slab":1,"pfm:dark_wood_kitchen_wall_drawer":3,"immersiveengineering:sheetmetal_iron":1,"pfm:light_wood_kitchen_sink":1,"minecraft:crafting_table":1,"embellishcraft:polished_marble_slab":9,"minecraft:gray_stained_glass":14,"farmersdelight:carrot_crate":2,"minecraft:stone_slab":6,"minecraft:lapis_ore":5,"minecraft:gray_wool":1,"minecraft:birch_planks":22,"embellishcraft:smooth_marble":68,"immersiveengineering:steel_scaffolding_standard":1,"quark:oak_hedge":1,"create:mechanical_crafter":6,"create:brass_block":8,"minecraft:polished_andesite":3},"minecraft:picked_up":{"apocalypsenow:apple_juice":32,"minecraft:creeper_head":1,"minecraft:anvil":2,"embellishcraft:warning_steel_door":2,"artifacts:bunny_hoppers":1,"minecraft:stone_slab":3,"minecraft:brown_bed":3,"apocalypsenow:can_opener":6,"pfm:dark_wood_kitchen_cabinet":3,"create:bar_of_chocolate":6,"minecraft:polished_deepslate":1,"embellishcraft:white_steel_door":7,"minecraft:string":701,"tac:tec_9":2,"pfm:oak_gray_simple_bed":2,"minecraft:beetroot_soup":11,"create:sticky_mechanical_piston":1,"minecraft:cobbled_deepslate":377,"minecraft:spruce_planks":8,"create:contraption_controls":1,"minecraft:coal_block":12,"farmersdelight:ratatouille":28,"farmersdelight:potato_crate":4,"embellishcraft:smooth_slate":1,"embellishcraft:smooth_marble":50,"tac:m4":1,"apocalypsenow:canned_pork":5,"create:andesite_casing":3,"quark:nether_wart_sack":1,"tac:mp9":2,"chalk:blue_chalk":1,"farmersdelight:chicken_cuts":2,"quark:iron_button":2,"apocalypsenow:fire_figther_leggings":1,"minecraft:cauldron":1,"farmersdelight:melon_popsicle":4,"apocalypsenow:porpsi":44,"apocalypsenow:iron_locker":4,"embellishcraft:steel_door":1,"create:scoria":58,"createaddition:barbed_wire":69,"farmersdelight:onion":10,"quark:calcite_bricks":3,"minecraft:iron_block":21,"minecraft:cyan_terracotta":24,"pfm:dark_wood_kitchen_drawer":3,"apocalypsenow:police_boots":1,"create:mechanical_arm":2,"farmersdelight:melon_juice":2,"minecraft:iron_bars":6,"apocalypsenow:money_block":33,"minecraft:birch_log":128,"farmersdelight:rice":3,"apocalypsenow:peach_juice":20,"minecraft:iron_door":19,"minecraft:water_bucket":5,"cfm:stripped_oak_bedside_cabinet":6,"apocalypsenow:hunting_helmet":2,"apocalypsenow:rolling_pin":2,"quark:oak_post":1,"artifacts:thorn_pendant":2,"farmersdelight:bacon":12,"quark:iron_ladder":2,"contenttweaker:research_paper_2":1,"minecraft:flint":2,"contenttweaker:rubber":12,"farmersdelight:roast_chicken_block":1,"immersivepetroleum:asphalt":12,"farmersdelight:carrot_crate":2,"apocalypsenow:canned_tomatos":21,"farmersdelight:tomato":16,"minecraft:lantern":1,"farmersdelight:shepherds_pie_block":1,"apocalypsenow:medical_storage":1,"minecraft:gray_terracotta":10,"apocalypsenow:human_flesh":21,"apocalypsenow:beer":22,"apocalypsenow:cloth":28,"artifacts:antidote_vessel":3,"apocalypsenow:electric_baton":3,"apocalypsenow:police_helmet":1,"apocalypsenow:canned_carrot":25,"apocalypsenow:u_sarmy_chestplate":8,"minecraft:gray_glazed_terracotta":1,"farmersdelight:spruce_cabinet":7,"chalk:red_chalk":1,"apocalypsenow:chips":62,"apocalypsenow:black_motorcycle_helmet_helmet":1,"quark:stone_brick_vertical_slab":3,"apocalypsenow:dagger":1,"minecraft:red_terracotta":1,"minecraft:barrel":4,"apocalypsenow:coke":88,"minecraft:polished_andesite":3,"farmersdelight:glow_berry_custard":4,"minecraft:granite":48,"minecraft:bread":10,"apocalypsenow:construction_helmet":2,"minecraft:bricks":2,"cfm:gray_kitchen_sink":3,"sophisticatedbackpacks:gold_backpack":1,"minecraft:crafting_table":1,"apocalypsenow:letter_opener":2,"cfm:stripped_oak_cabinet":2,"cfm:stripped_spruce_park_bench":3,"apocalypsenow:u_sarmy_helmet":5,"minecraft:heavy_weighted_pressure_plate":5,"cfm:stripped_dark_oak_bedside_cabinet":3,"refinedstorage:crafting_grid":2,"minecraft:iron_shovel":1,"apocalypsenow:medicalkit":71,"embellishcraft:smooth_basalt":23,"apocalypsenow:construction_boots":5,"minecraft:beef":2,"farmersdelight:cod_slice":3,"embellishcraft:sturdy_steel_door":6,"minecraft:quartz_stairs":1,"minecraft:birch_sapling":16,"apocalypsenow:hookey_stick":1,"minecraft:egg":35,"farmersdelight:cabbage_crate":3,"farmersdelight:minced_beef":18,"pfm:light_wood_kitchen_wall_drawer":2,"apocalypsenow:pipe_wrench":2,"minecraft:carrot":5,"minecraft:redstone":67,"immersiveengineering:concrete":2,"create:vertical_gearbox":3,"farmersdelight:hamburger":10,"apocalypsenow:red_football_armor_boots":1,"create:depot":3,"farmersdelight:beef_stew":2,"minecraft:gold_ingot":152,"firstaid:bandage":15,"minecraft:polished_blackstone":1,"minecraft:mutton":8,"minecraft:rail":27,"apocalypsenow:suturekit":30,"minecraft:white_wool":26,"minecraft:stripped_oak_log":26,"immersiveengineering:metal_barrel":1,"create:framed_glass_trapdoor":2,"minecraft:oak_log":150,"create:brass_block":7,"embellishcraft:polished_marble":3,"minecraft:ancient_debris":1,"embellishcraft:polished_marble_slab":3,"farmersdelight:skillet":4,"minecraft:paper":84,"apocalypsenow:u_sarmy_leggings":3,"embellishcraft:plate":2,"immersiveengineering:concrete_sheet":2,"apocalypsenow:construction_leggings":10,"minecraft:apple":7,"minecraft:stone_bricks":17,"apocalypsenow:money":656,"minecraft:stone_pickaxe":3,"zombie_extreme:vending_machine":2,"apocalypsenow:crowbar":2,"apocalypsenow:fire_figther_helmet":1,"cfm:stripped_oak_desk_cabinet":1,"artifacts:steadfast_spikes":5,"minecraft:glass_bottle":71,"quark:light_gray_shard":29,"nameless_trinkets:experience_battery":2,"contenttweaker:resistant_fabric":30,"minecraft:daylight_detector":1,"cfm:cyan_cooler":12,"cfm:stripped_spruce_kitchen_drawer":28,"minecraft:gravel":12,"car:repair_kit":1,"create:polished_cut_limestone_slab":1,"quark:oak_hedge":1,"create:mechanical_pump":1,"minecraft:diamond_axe":1,"minecraft:gray_wool":1,"minecraft:baked_potato":8,"minecraft:smooth_quartz_slab":1,"apocalypsenow:energy_drink":3,"tac:udp_9":3,"minecraft:wheat":8,"create:mechanical_crafter":6,"apocalypsenow:bloodybandages":22,"immersiveengineering:plate_duroplast":21,"artifacts:umbrella":2,"pfm:light_wood_kitchen_drawer":3,"cfm:brown_kitchen_counter":2,"minecraft:potion":76,"minecraft:raw_copper":56,"minecraft:smooth_stone_slab":3,"farmersdelight:vegetable_noodles":30,"minecraft:activator_rail":3,"apocalypsenow:knife":2,"farmersdelight:fried_rice":2,"create:mechanical_press":1,"minecraft:smooth_stone":1,"minecraft:bucket":1,"farmersdelight:cabbage":12,"farmersdelight:pasta_with_meatballs":16,"pfm:arm_chair_leather":1,"minecraft:smooth_quartz":14,"minecraft:iron_pickaxe":4,"minecraft:furnace":12,"minecraft:stick":192,"minecraft:torch":359,"apocalypsenow:plank":3,"apocalypsenow:nurse_chestplate":1,"minecraft:diorite":27,"apocalypsenow:iron_baseball_bat":1,"camera:album":2,"quark:spruce_vertical_slab":1,"immersiveengineering:fluid_pipe":1,"minecraft:quartz_block":5,"quark:smooth_quartz_vertical_slab":11,"farmersdelight:tomato_crate":3,"minecraft:rotten_flesh":696,"minecraft:brown_shulker_box":13,"minecraft:green_wool":2,"refinedstorage:1k_storage_part":1,"minecraft:obsidian":26,"zombie_extreme:tube_tv":1,"minecraft:cobblestone":405,"apocalypsenow:u_sarmy_boots":4,"minecraft:leather_chestplate":1,"tac:round45":280,"apocalypsenow:club":2,"apocalypsenow:canned_melon":3,"apocalypsenow:coffee":23,"minecraft:andesite":55,"minecraft:potato":29,"apocalypsenow:cereal":54,"minecraft:tuff":102,"create:raw_zinc":23,"minecraft:wither_skeleton_skull":3,"apocalypsenow:construction_chestplate":3,"farmersdelight:chicken_sandwich":23,"minecraft:lapis_lazuli":93,"immersiveengineering:sheetmetal_iron":1,"minecraft:dirt":71,"minecraft:glass":32,"minecraft:bone":448,"minecraft:wheat_seeds":3,"minecraft:raw_gold":3,"apocalypsenow:royal_canada_police_officer_chestplate":2,"immersiveengineering:plate_aluminum":60,"pfm:dark_wood_kitchen_wall_drawer":3,"tac:9mm_round":212,"pfm:light_wood_kitchen_sink":1,"minecraft:oak_planks":45,"firstaid:plaster":44,"apocalypsenow:small_can":3,"create:cogwheel":5,"apocalypsenow:canned_fish":9,"minecraft:sand":32,"minecraft:shulker_box":1,"embellishcraft:oak_terrace_table":4,"minecraft:diamond":18,"minecraft:soul_lantern":1,"farmersdelight:rice_bag":5,"minecraft:white_concrete":8,"minecraft:oak_sapling":57,"biomesoplenty:smooth_white_sandstone":7,"minecraft:charcoal":4,"apocalypsenow:bread_knife":2,"cfm:stone_chair":2,"minecraft:chicken":11,"minecraft:wooden_pickaxe":2,"immersiveengineering:heavy_engineering":1,"farmersdelight:tomato_sauce":3,"minecraft:gold_block":5,"quark:gunpowder_sack":4,"apocalypsenow:pile_of_tires":1,"minecraft:wooden_sword":1,"artifacts:feral_claws":1,"artifacts:fire_gauntlet":2,"apocalypsenow:mace":2,"minecraft:detector_rail":5,"apocalypsenow:lumber_jack_axe":2,"apocalypsenow:fire_axe":1,"minecraft:observer":1,"apocalypsenow:concrete_bricks":2,"createdeco:cast_iron_mesh_fence":1,"cfm:cyan_kitchen_counter":11,"another_furniture:dark_oak_drawer":4,"minecraft:raw_iron":1,"minecraft:stone_button":2,"minecraft:cookie":7,"farmersdelight:fish_stew":1,"apocalypsenow:forestguard_leggings":1,"tac:b_magnum":40,"create:deployer":2,"apocalypsenow:whisky":18,"apocalypsenow:baseball_bat":1,"another_furniture:oak_drawer":5,"artifacts:cross_necklace":2,"immersiveengineering:connector_lv":2,"minecraft:salmon":8,"embellishcraft:gray_corrugated_metal_plate_pressure_plate":2,"apocalypsenow:orange_juice":9,"minecraft:birch_planks":27,"artifacts:superstitious_hat":3,"artifacts:cloud_in_a_bottle":2,"pfm:light_wood_kitchen_counter":2,"tac:m1911":2,"minecraft:cooked_mutton":4,"farmersdelight:honey_glazed_ham_block":2,"minecraft:gray_carpet":2,"farmersdelight:fruit_salad":9,"farmersdelight:apple_cider":21,"tac:deagle_357":3,"tac:nato_556_bullet":36,"minecraft:iron_ingot":6,"immersiveengineering:storage_steel":3,"tac:ae50":82,"sophisticatedbackpacks:diamond_backpack":1,"apocalypsenow:grape_juice":11,"minecraft:book":3,"create:elevator_pulley":1,"apocalypsenow:royal_canada_police_officer_leggings":3,"minecraft:quartz":2,"embellishcraft:smooth_basalt_slab":7,"refinedstorage:machine_casing":1,"apocalypsenow:vodka":21,"minecraft:white_bed":3,"pfm:white_fridge":6,"farmersdelight:roasted_mutton_chops":29,"quark:framed_glass_pane":1,"apocalypsenow:safe":2,"quark:gray_shard":38,"tac:m1a1_smg":2,"minecraft:coal":29,"farmersdelight:honey_cookie":2},"minecraft:used":{"minecraft:chest":2,"cfm:cyan_kitchen_counter":3,"farmersdelight:fried_rice":2,"apocalypsenow:beer":1,"minecraft:birch_sapling":1,"farmersdelight:melon_popsicle":51,"farmersdelight:glow_berry_custard":4,"minecraft:furnace":13,"zombie_extreme:vending_machine":2,"minecraft:wooden_pickaxe":2,"minecraft:cookie":2,"apocalypsenow:coke":1,"farmersdelight:honey_cookie":3,"embellishcraft:smooth_basalt":3,"simpleplanes:plane_workbench":1,"minecraft:wooden_sword":32,"quark:stone_brick_vertical_slab":3,"embellishcraft:polished_marble":3,"minecraft:iron_bars":4,"minecraft:torch":179,"apocalypsenow:knife":252,"minecraft:iron_block":2,"minecraft:iron_axe":108,"apocalypsenow:fire_axe":408,"apocalypsenow:lumber_jack_axe":67,"apocalypsenow:porpsi":12,"minecraft:cobbled_deepslate":231,"minecraft:water_bucket":30,"minecraft:birch_planks":123,"minecraft:crafting_table":7,"minecraft:white_bed":5,"minecraft:campfire":5,"minecraft:diamond_pickaxe":1337,"minecraft:iron_pickaxe":278,"minecraft:cobblestone":154,"minecraft:potion":45,"cfm:stripped_oak_bedside_cabinet":6,"cfm:stripped_oak_cabinet":2,"create:elevator_pulley":1,"embellishcraft:sturdy_steel_door":1,"minecraft:iron_shovel":69,"embellishcraft:polished_marble_slab":1,"quark:iron_ladder":1,"immersivepetroleum:asphalt":6,"embellishcraft:smooth_marble":30,"apocalypsenow:coffee":1,"minecraft:cyan_terracotta":3,"minecraft:stone_bricks":9,"apocalypsenow:electric_baton":1266,"minecraft:stone_pickaxe":158,"minecraft:oak_planks":436,"minecraft:diamond_axe":359,"apocalypsenow:iron_locker":4,"farmersdelight:chicken_sandwich":12,"apocalypsenow:u_sarmy_leggings":1,"easy_villagers:villager":1,"minecraft:bread":12,"minecraft:white_concrete":8,"apocalypsenow:mace":11,"pfm:oak_gray_simple_bed":1,"minecraft:spruce_planks":4,"minecraft:brown_shulker_box":8,"cfm:stripped_oak_desk_cabinet":1,"minecraft:dirt":12,"apocalypsenow:orange_juice":3,"minecraft:granite":1,"minecraft:wooden_axe":8,"biomesoplenty:smooth_white_sandstone":7,"immersiveengineering:concrete_sheet":1,"minecraft:brown_bed":3,"minecraft:glass_bottle":43,"minecraft:baked_potato":7,"farmersdelight:apple_cider":2,"minecraft:stone_slab":3,"apocalypsenow:peach_juice":7,"minecraft:bucket":32,"minecraft:gray_wool":1},"minecraft:crafted":{"minecraft:glass":32,"minecraft:diamond_axe":1,"minecraft:campfire":5,"minecraft:iron_pickaxe":3,"refinedstorage:machine_casing":1,"apocalypsenow:u_sarmy_chestplate":1,"simpleplanes:plane_workbench":1,"minecraft:stone_pickaxe":1,"tac:nato_556_bullet":36,"apocalypsenow:knife":1,"minecraft:potion":52,"immersiveengineering:plate_duroplast":4,"minecraft:wooden_axe":1,"minecraft:iron_shovel":1,"minecraft:white_bed":3,"minecraft:oak_planks":4,"tac:ae50":104,"apocalypsenow:u_sarmy_helmet":1,"minecraft:chest":2,"minecraft:crafting_table":2,"minecraft:baked_potato":20,"apocalypsenow:u_sarmy_leggings":1,"tac:10_gauge_round":96,"minecraft:diamond_pickaxe":1,"minecraft:charcoal":4,"sophisticatedbackpacks:diamond_backpack":1,"minecraft:stick":12,"minecraft:wooden_sword":1,"minecraft:furnace":1,"minecraft:iron_axe":4,"tac:round45":64,"minecraft:bucket":2,"tac:9mm_round":96,"minecraft:air":1368,"minecraft:white_wool":24,"firstaid:bandage":7,"minecraft:torch":6},"minecraft:killed":{"zombiemobs:zombie_panda":1,"undead_revamp2:thepregnant":1,"hordes:drowned_player":1,"minecraft:zombie":426,"hordes:zombie_player":8,"undead_revamp2:bomber":2,"zombie_extreme:runner":9,"zombie_extreme:crawler":7,"minecraft:husk":52,"undead_revamp2:the_moonflower":12,"undead_revamp2:thesmoker":25,"minecraft:bee":1,"minecraft:zombie_villager":3,"zombiemobs:zombie_fox":1,"undead_revamp2:theordure":1,"zombie_extreme:infected_police":4,"minecraft:bat":3,"alexsmobs:cockroach":1},"minecraft:broken":{"apocalypsenow:construction_boots":1,"apocalypsenow:electric_baton":1,"minecraft:iron_pickaxe":1,"apocalypsenow:u_sarmy_helmet":1}},"DataVersion":2975}