{"stats":{"minecraft:custom":{"lootr:looted_stat":65,"minecraft:interact_with_crafting_table":99,"minecraft:microwave_used":2,"minecraft:leave_game":5,"minecraft:time_since_death":20987,"minecraft:sprint_one_cm":1027608,"minecraft:drop":410,"minecraft:use_bathtub":1,"minecraft:talked_to_villager":10,"minecraft:play_time":441036,"minecraft:deaths":28,"minecraft:jump":4048,"minecraft:interact_with_brewingstand":1,"minecraft:walk_on_water_one_cm":35525,"minecraft:interact_with_furnace":54,"minecraft:stove_opened":3,"minecraft:sleep_in_bed":11,"minecraft:damage_dealt":76340,"minecraft:player_kills":3,"minecraft:crouch_one_cm":137059,"minecraft:inspect_dropper":1,"minecraft:mob_kills":520,"minecraft:interact_with_campfire":13,"minecraft:damage_dealt_resisted":9227,"minecraft:climb_one_cm":38289,"minecraft:walk_one_cm":984997,"minecraft:fridge_opened":22,"minecraft:chair_used":1,"minecraft:damage_dealt_absorbed":120,"minecraft:sneak_time":60760,"minecraft:walk_under_water_one_cm":11818,"minecraft:drawer_searched":2,"minecraft:interact_with_blast_furnace":10,"minecraft:total_world_time":441036,"minecraft:trashcan_opened":1,"minecraft:time_since_rest":21013,"minecraft:damage_taken":14140,"minecraft:swim_one_cm":64837,"minecraft:freezer_opened":10,"minecraft:fly_one_cm":621198,"minecraft:open_chest":247,"minecraft:fall_one_cm":91283},"minecraft:broken":{"minecraft:stone_axe":4,"minecraft:wooden_axe":2,"apocalypsenow:royal_canada_police_officer_boots":1,"minecraft:leather_chestplate":1,"apocalypsenow:black_motorcycle_helmet_helmet":2,"minecraft:iron_axe":2,"apocalypsenow:u_sarmy_helmet":4},"minecraft:killed":{"undead_revamp2:thesmoker":22,"minecraft:fox":1,"minecraft:chicken":1,"undead_revamp2:thepregnant":1,"undead_revamp2:crackleball":5,"minecraft:zombie_villager":1,"undead_revamp2:theordure":1,"minecraft:zombie":283,"zombie_extreme:infected_police":1,"alexsmobs:fly":3,"zombiemobs:zombie_horsee":1,"hordes:zombie_player":3,"undead_revamp2:bomber":1,"zombiemobs:zombie_wolf":1,"minecraft:drowned":4,"zombie_extreme:runner":13,"zombie_extreme:crawler":7,"minecraft:husk":66,"undead_revamp2:the_moonflower":2,"alexsmobs:crocodile":1},"minecraft:used":{"minecraft:moss_block":2,"minecraft:chest":21,"apocalypsenow:chips":30,"farmersdelight:melon_juice":13,"apocalypsenow:apple_juice":9,"farmersdelight:fish_stew":1,"minecraft:carrot":1,"farmersdelight:sweet_berry_cookie":3,"embellishcraft:smooth_marble":41,"minecraft:cyan_terracotta":2,"farmersdelight:tomato":1,"farmersdelight:melon_popsicle":10,"minecraft:stone_bricks":10,"immersiveengineering:concrete":16,"minecraft:egg":16,"minecraft:furnace":1,"apocalypsenow:open_canned_pork":7,"minecraft:gray_bed":2,"minecraft:potato":1,"farmersdelight:salmon_roll":1,"farmersdelight:hamburger":11,"apocalypsenow:energy_drink":1,"quark:polished_calcite":1,"minecraft:stone_pickaxe":201,"minecraft:oak_planks":351,"minecraft:wooden_pickaxe":61,"minecraft:diamond_axe":876,"minecraft:cookie":1,"farmersdelight:chicken_sandwich":10,"apocalypsenow:construction_chestplate":1,"minecraft:blast_furnace":4,"farmersdelight:cod_roll":4,"apocalypsenow:coke":33,"minecraft:shears":73,"apocalypsenow:u_sarmy_leggings":1,"embellishcraft:polished_slate_stairs":1,"minecraft:birch_slab":6,"minecraft:bread":6,"minecraft:gravel":3,"embellishcraft:smooth_basalt":9,"minecraft:wooden_sword":47,"farmersdelight:spruce_cabinet":5,"minecraft:birch_log":3,"apocalypsenow:mace":128,"farmersdelight:kelp_roll_slice":5,"sophisticatedbackpacks:iron_backpack":2,"minecraft:stone_shovel":40,"minecraft:torch":83,"minecraft:dirt":32,"apocalypsenow:u_sarmy_chestplate":2,"apocalypsenow:grape_juice":2,"minecraft:wooden_axe":115,"minecraft:iron_axe":246,"minecraft:smooth_quartz":14,"biomesoplenty:smooth_white_sandstone":21,"quark:spruce_vertical_slab":2,"apocalypsenow:porpsi":3,"apocalypsenow:night_stick":40,"sophisticatedbackpacks:gold_backpack":3,"minecraft:cooked_mutton":8,"minecraft:water_bucket":10,"minecraft:birch_planks":453,"minecraft:glass_bottle":14,"cfm:stripped_dark_oak_cabinet":6,"createaddition:barbed_wire":117,"minecraft:crafting_table":32,"minecraft:white_bed":7,"minecraft:diamond_pickaxe":227,"minecraft:apple":1,"farmersdelight:apple_cider":2,"minecraft:iron_pickaxe":212,"cgm:grenade":5,"minecraft:stone_axe":398,"minecraft:potion":34,"minecraft:cobblestone":33,"apocalypsenow:peach_juice":2,"apocalypsenow:open_canned_tomatos":6,"minecraft:bucket":11,"cfm:stripped_oak_cabinet":11,"apocalypsenow:human_flesh":1,"minecraft:gray_wool":1,"minecraft:smooth_stone":1},"minecraft:dropped":{"sophisticatedbackpacks:iron_backpack":1,"farmersdelight:hamburger":2,"minecraft:daylight_detector":1,"another_furniture:light_gray_lamp":1,"minecraft:birch_planks":8,"minecraft:diamond_axe":3,"contenttweaker:rubber":3,"immersiveengineering:concrete_sheet":8,"minecraft:baked_potato":5,"minecraft:glass_bottle":56,"artifacts:cloud_in_a_bottle":1,"apocalypsenow:u_sarmy_leggings":2,"minecraft:birch_slab":5,"refinedstorage:cable":7,"refinedstorage:4k_storage_part":1,"sophisticatedbackpacks:gold_backpack":1,"minecraft:cyan_terracotta":10,"farmersdelight:salmon_roll":5,"minecraft:dirt":33,"rocks:cobblestone_splitter":3,"minecraft:dark_oak_log":2,"apocalypsenow:money_block":1,"artifacts:superstitious_hat":1,"apocalypsenow:construction_leggings":5,"apocalypsenow:night_stick":3,"apocalypsenow:construction_boots":8,"embellishcraft:steel_door":7,"create:framed_glass_door":1,"apocalypsenow:fire_figther_boots":1,"farmersdelight:sweet_berry_cookie":1,"embellishcraft:air_duct":2,"biomesoplenty:smooth_white_sandstone":2,"apocalypsenow:construction_helmet":2,"minecraft:jungle_sapling":1,"minecraft:wooden_sword":3,"embellishcraft:gray_corrugated_metal_plate_pressure_plate":2,"apocalypsenow:can":12,"refinedstorage:crafting_grid":1,"minecraft:iron_pickaxe":1,"another_furniture:black_stool":3,"ftbquests:book":2,"minecraft:birch_log":38,"minecraft:white_wool":4,"minecraft:bone":420,"minecraft:gravel":4,"minecraft:stone_axe":5,"minecraft:sugar_cane":22,"apocalypsenow:small_can":46,"apocalypsenow:royal_canada_police_officer_leggings":1,"embellishcraft:gneiss_large_bricks_wall":1,"minecraft:birch_sapling":38,"minecraft:rotten_flesh":444,"artifacts:villager_hat":2,"minecraft:oak_planks":79,"apocalypsenow:money":6,"minecraft:cooked_mutton":1,"apocalypsenow:bloodybandages":16,"minecraft:salmon":5,"patchouli:guide_book":4,"minecraft:gunpowder":11,"create:scoria":21,"minecraft:quartz_block":3,"tac:ae50":12,"apocalypsenow:royal_canada_police_officer_helmet":1,"refinedstorage:1k_storage_part":1,"minecraft:painting":7,"immersiveengineering:wirecutter":1,"immersiveengineering:seed":25,"farmersdelight:fish_stew":1,"embellishcraft:sturdy_white_steel_door":1,"apocalypsenow:human_flesh":25,"minecraft:water_bucket":1,"minecraft:iron_ingot":1,"minecraft:bread":2,"apocalypsenow:police_helmet":1,"minecraft:wheat_seeds":4,"embellishcraft:basalt_button":2,"embellishcraft:spruce_wooden_crate":1,"minecraft:smooth_quartz_stairs":1,"createaddition:barbed_wire":37,"minecraft:feather":1,"minecraft:cobblestone":8,"apocalypsenow:mace":1,"minecraft:apple":4,"refinedstorage:16k_storage_part":1,"cfm:oak_park_bench":2,"apocalypsenow:knife":1,"apocalypsenow:u_sarmy_boots":2,"tac:hk_mp5a5":1,"minecraft:stick":3,"apocalypsenow:black_bikers_helmet":1,"chalk:red_chalk":5,"minecraft:torch":6,"minecraft:wooden_axe":4,"minecraft:smooth_quartz":12,"minecraft:potion":10,"pfm:oak_gray_simple_bed":1,"tac:mp9":1,"embellishcraft:spruce_plain_door":3,"minecraft:smooth_stone":2,"minecraft:paper":11,"minecraft:string":24,"chalk:blue_chalk":5,"minecraft:furnace":1,"apocalypsenow:u_sarmy_chestplate":2,"alexsmobs:maggot":3,"refinedstorage:basic_processor":1,"minecraft:bowl":1,"minecraft:smooth_stone_slab":5,"minecraft:raw_iron":2,"minecraft:stone_shovel":1,"apocalypsenow:police_chestplate":2,"farmersdelight:beef_stew":1,"createbigcannons:traffic_cone":2,"minecraft:stripped_oak_log":3,"minecraft:stone_slab":4,"immersiveengineering:hammer":1,"create:polished_cut_calcite":2,"quark:stone_vertical_slab":7,"minecraft:potato":4,"apocalypsenow:construction_chestplate":4,"quark:polished_calcite_vertical_slab":1,"create:veridium":2,"alexsmobs:cockroach_wing_fragment":1,"cfm:stripped_oak_coffee_table":2,"minecraft:andesite":1,"apocalypsenow:open_canned_tomatos":2,"immersiveengineering:concrete_quarter":8,"minecraft:oak_sapling":43,"quark:stripped_spruce_post":2,"minecraft:stone_bricks":5,"minecraft:wooden_pickaxe":7,"minecraft:stone_pickaxe":6,"farmersdelight:spruce_cabinet":8,"create:cut_calcite":1,"minecraft:quartz_slab":1},"minecraft:mined":{"minecraft:oak_sapling":1,"another_furniture:light_gray_lamp":1,"embellishcraft:sturdy_steel_door":1,"minecraft:white_bed":4,"embellishcraft:white_steel_door":1,"pfm:light_wood_kitchen_drawer":5,"sophisticatedbackpacks:gold_backpack":1,"minecraft:jungle_leaves":2,"embellishcraft:spruce_wooden_crate":1,"minecraft:grass_block":46,"minecraft:white_concrete":8,"biomesoplenty:smooth_white_sandstone":16,"immersiveengineering:concrete_sheet":4,"minecraft:spawner":30,"embellishcraft:smooth_basalt":9,"minecraft:smooth_stone":8,"cfm:stripped_dark_oak_bedside_cabinet":8,"create:vertical_framed_glass":15,"minecraft:iron_ore":1,"quark:polished_calcite":1,"pfm:white_fridge":2,"cfm:stripped_oak_bedside_cabinet":8,"another_furniture:dark_oak_drawer":4,"minecraft:quartz_slab":1,"minecraft:iron_block":4,"create:veridium":1,"create:dark_oak_window_pane":3,"quark:potato_crate":1,"cfm:stripped_oak_cabinet":6,"minecraft:quartz_block":4,"minecraft:cyan_terracotta":24,"rocks:dark_oak_stick":1,"apocalypsenow:money_block":1,"minecraft:torch":17,"embellishcraft:polished_slate_stairs":2,"immersiveengineering:connector_hv":1,"create:scoria":23,"minecraft:chest":3,"pfm:dark_wood_kitchen_counter_oven":1,"cfm:stripped_oak_coffee_table":2,"minecraft:cobblestone":7,"minecraft:oak_planks":37,"minecraft:sugar_cane":4,"createaddition:barbed_wire":60,"minecraft:wall_torch":9,"pfm:dark_wood_kitchen_drawer":6,"minecraft:birch_sapling":1,"another_furniture:oak_drawer":8,"minecraft:birch_log":51,"farmersdelight:cutting_board":1,"quark:spruce_vertical_slab":2,"minecraft:tnt":3,"minecraft:smooth_stone_slab":2,"biomesoplenty:clover":2,"minecraft:grass":7,"create:vertical_framed_glass_pane":4,"minecraft:oak_log":1,"create:framed_glass_trapdoor":1,"quark:stone_vertical_slab":7,"cfm:oak_park_bench":2,"minecraft:dirt":79,"minecraft:smooth_quartz":26,"minecraft:tuff":1,"quark:polished_calcite_vertical_slab":6,"minecraft:oak_leaves":15,"minecraft:emerald_block":3,"minecraft:daylight_detector":1,"apocalypsenow:beartrapactivated":1,"pfm:oak_light_gray_simple_bed":1,"embellishcraft:air_duct":3,"minecraft:dark_oak_log":3,"minecraft:gray_stained_glass_pane":7,"immersiveengineering:concrete_quarter":4,"embellishcraft:smooth_basalt_slab":3,"quark:stripped_spruce_post":2,"cfm:stripped_dark_oak_cabinet":12,"minecraft:spruce_leaves":1,"minecraft:birch_slab":2,"quark:bamboo_mat":1,"rocks:rock":4,"create:cut_calcite":2,"pfm:dark_oak_light_gray_simple_bed":1,"minecraft:furnace":6,"farmersdelight:spruce_cabinet":4,"minecraft:andesite":2,"minecraft:gold_block":4,"rocks:birch_stick":1,"embellishcraft:warning_steel_door":1,"create:horizontal_framed_glass_pane":1,"minecraft:stripped_oak_log":63,"cfm:stripped_dark_oak_desk":1,"minecraft:smooth_quartz_stairs":1,"minecraft:stone":132,"minecraft:green_wool":2,"embellishcraft:steel_door":1,"pfm:light_wood_kitchen_sink":1,"minecraft:crafting_table":5,"create:framed_glass_door":1,"minecraft:copper_ore":6,"another_furniture:black_stool":2,"minecraft:stone_slab":3,"embellishcraft:gneiss_large_bricks_wall":2,"immersiveengineering:concrete":16,"cfm:stripped_oak_desk_cabinet":2,"minecraft:gray_wool":72,"minecraft:birch_planks":62,"embellishcraft:oak_table":1,"minecraft:redstone_torch":1,"minecraft:gray_bed":1,"minecraft:birch_leaves":80,"embellishcraft:smooth_marble":47,"minecraft:coal_ore":89,"quark:oak_hedge":1,"minecraft:gravel":5,"minecraft:cobweb":39,"minecraft:polished_andesite":1,"minecraft:stone_bricks":41,"minecraft:fern":1,"cfm:stripped_dark_oak_desk_cabinet":1},"minecraft:crafted":{"minecraft:smooth_stone":16,"minecraft:oak_planks":4,"immersiveengineering:hammer":1,"minecraft:stone":16,"minecraft:cooked_mutton":6,"minecraft:diamond_axe":2,"minecraft:crafting_table":5,"minecraft:wooden_pickaxe":1,"minecraft:baked_potato":5,"minecraft:copper_ingot":23,"minecraft:diamond_pickaxe":1,"sophisticatedbackpacks:diamond_backpack":1,"minecraft:stick":24,"minecraft:shears":2,"minecraft:wooden_sword":2,"minecraft:stone_shovel":1,"minecraft:furnace":1,"minecraft:iron_axe":1,"immersiveengineering:wirecutter":1,"minecraft:stone_pickaxe":2,"minecraft:bucket":1,"minecraft:stone_axe":2,"minecraft:air":1979,"minecraft:potion":20,"minecraft:white_wool":7,"minecraft:wooden_axe":3,"firstaid:bandage":2,"minecraft:white_bed":1},"minecraft:killed_by":{"zombie_extreme:runner":2,"minecraft:chicken":1,"alexsmobs:crocodile":2,"minecraft:zombie":8,"undead_revamp2:thesmoker":2,"minecraft:pig":1,"undead_revamp2:thepregnant":1,"minecraft:player":4,"hordes:zombie_player":2,"zombiemobs:zombie_dolphin":1,"zombie_extreme:infected_police":1},"minecraft:picked_up":{"apocalypsenow:energy_drink":15,"apocalypsenow:apple_juice":15,"tac:udp_9":5,"apocalypsenow:bloodybandages":11,"embellishcraft:warning_steel_door":1,"immersiveengineering:plate_duroplast":10,"pfm:light_wood_kitchen_drawer":6,"artifacts:umbrella":4,"minecraft:stone_slab":6,"minecraft:potion":37,"apocalypsenow:can_opener":13,"farmersdelight:cutting_board":2,"embellishcraft:white_steel_door":2,"minecraft:string":717,"minecraft:raw_copper":46,"minecraft:smooth_stone_slab":5,"pfm:oak_gray_simple_bed":1,"quark:polished_calcite_vertical_slab":6,"minecraft:smooth_stone":7,"minecraft:iron_pickaxe":3,"minecraft:smooth_quartz":26,"minecraft:smooth_quartz_stairs":1,"minecraft:furnace":5,"minecraft:diamond_ore":10,"minecraft:stick":72,"artifacts:universal_attractor":4,"quark:stripped_spruce_post":2,"immersiveengineering:connector_hv":1,"embellishcraft:smooth_marble":47,"apocalypsenow:canned_pork":4,"minecraft:torch":422,"immersiveengineering:component_electronic":2,"chalk:blue_chalk":4,"quark:potato_crate":1,"apocalypsenow:iron_baseball_bat":2,"quark:spruce_vertical_slab":2,"camera:album":7,"apocalypsenow:fire_figther_leggings":1,"minecraft:quartz_block":4,"embellishcraft:spruce_plain_door":3,"apocalypsenow:scissors":2,"apocalypsenow:porpsi":41,"embellishcraft:steel_door":7,"minecraft:rotten_flesh":551,"create:scoria":23,"embellishcraft:oak_terrace_chair":1,"artifacts:villager_hat":3,"createaddition:barbed_wire":202,"minecraft:iron_block":10,"minecraft:cyan_terracotta":29,"create:veridium":2,"minecraft:green_wool":6,"pfm:dark_wood_kitchen_drawer":6,"apocalypsenow:bikers_helmet":1,"farmersdelight:melon_juice":8,"apocalypsenow:money_block":1,"minecraft:cobblestone":150,"minecraft:birch_log":246,"apocalypsenow:u_sarmy_boots":4,"apocalypsenow:blue_football_armor_leggings":1,"tac:round45":161,"immersiveengineering:concrete_quarter":8,"apocalypsenow:club":3,"cfm:stripped_oak_bedside_cabinet":8,"minecraft:feather":1,"apocalypsenow:anarchy_boots":1,"minecraft:water_bucket":4,"apocalypsenow:peach_juice":22,"minecraft:iron_door":1,"minecraft:birch_slab":1,"apocalypsenow:coffee":17,"minecraft:andesite":1,"quark:polished_calcite":1,"minecraft:potato":1,"apocalypsenow:open_canned_pork":7,"apocalypsenow:cereal":117,"contenttweaker:rubber":14,"apocalypsenow:construction_chestplate":7,"farmersdelight:chicken_sandwich":3,"minecraft:dirt":95,"minecraft:lantern":2,"cfm:stripped_oak_coffee_table":2,"another_furniture:black_stool":3,"minecraft:bone":619,"minecraft:wheat_seeds":4,"farmersdelight:salmon_roll":5,"apocalypsenow:human_flesh":25,"cfm:oak_park_bench":2,"farmersdelight:sweet_berry_cookie":1,"ftbquests:book":1,"apocalypsenow:beer":5,"apocalypsenow:cloth":68,"artifacts:antidote_vessel":4,"tac:9mm_round":342,"minecraft:moss_block":2,"minecraft:oak_planks":159,"pfm:light_wood_kitchen_sink":1,"pfm:kitchen_stovetop":1,"firstaid:plaster":14,"apocalypsenow:u_sarmy_chestplate":6,"cfm:stripped_dark_oak_desk":1,"chalk:red_chalk":4,"patchouli:guide_book":4,"farmersdelight:spruce_cabinet":13,"apocalypsenow:small_can":33,"embellishcraft:basalt_button":2,"apocalypsenow:chips":149,"apocalypsenow:black_motorcycle_helmet_helmet":3,"sophisticatedbackpacks:iron_backpack":3,"createbigcannons:traffic_cone":2,"apocalypsenow:dagger":3,"minecraft:dark_oak_log":3,"apocalypsenow:anarchy_leggings":2,"apocalypsenow:coke":157,"apocalypsenow:golf_stick":3,"apocalypsenow:royal_canada_police_officer_boots":3,"minecraft:polished_andesite":1,"artifacts:golden_hook":2,"minecraft:diamond":14,"apocalypsenow:black_bikers_helmet":1,"create:framed_glass_door":1,"minecraft:white_concrete":6,"minecraft:chainmail_helmet":1,"minecraft:bread":8,"alexsmobs:maggot":5,"minecraft:oak_sapling":43,"apocalypsenow:construction_helmet":4,"apocalypsenow:scissorst":3,"pfm:dark_oak_light_gray_simple_bed":1,"rocks:cobblestone_splitter":3,"minecraft:diamond_pickaxe":2,"biomesoplenty:smooth_white_sandstone":27,"pfm:oak_light_gray_simple_bed":1,"create:cut_calcite":1,"sophisticatedbackpacks:gold_backpack":4,"quark:stone_vertical_slab":7,"minecraft:crafting_table":9,"apocalypsenow:letter_opener":4,"apocalypsenow:fire_figther_boots":2,"cfm:stripped_oak_cabinet":12,"create:polished_cut_calcite":2,"minecraft:gold_block":4,"apocalypsenow:u_sarmy_helmet":4,"pfm:dark_wood_kitchen_counter_oven":1,"minecraft:wooden_sword":1,"cfm:stripped_dark_oak_bedside_cabinet":7,"another_furniture:light_gray_lamp":1,"minecraft:quartz_slab":1,"artifacts:fire_gauntlet":3,"apocalypsenow:medicalkit":33,"nameless_trinkets:broken_magnet":1,"cfm:stripped_dark_oak_cabinet":18,"apocalypsenow:night_stick":1,"embellishcraft:smooth_basalt":9,"apocalypsenow:construction_boots":12,"apocalypsenow:mace":8,"apocalypsenow:can":2,"minecraft:jungle_sapling":1,"embellishcraft:sturdy_steel_door":1,"minecraft:sugar_cane":22,"minecraft:chest":3,"minecraft:birch_sapling":38,"apocalypsenow:hookey_stick":1,"minecraft:egg":4,"farmersdelight:kelp_roll_slice":2,"embellishcraft:oak_table":1,"another_furniture:dark_oak_drawer":4,"minecraft:raw_iron":2,"apocalypsenow:pipe_wrench":3,"minecraft:carrot":2,"immersiveengineering:concrete":16,"tac:hk_mp5a5":2,"tac:b_magnum":3,"minecraft:tnt":6,"artifacts:snorkel":1,"apocalypsenow:open_canned_tomatos":2,"apocalypsenow:whisky":13,"another_furniture:oak_drawer":8,"minecraft:shears":3,"farmersdelight:hamburger":13,"artifacts:running_shoes":2,"artifacts:cross_necklace":4,"minecraft:gold_ingot":90,"farmersdelight:beef_stew":1,"firstaid:bandage":73,"minecraft:white_wool":18,"minecraft:stripped_oak_log":62,"embellishcraft:gray_corrugated_metal_plate_pressure_plate":2,"minecraft:leather":3,"minecraft:birch_planks":131,"apocalypsenow:orange_juice":23,"minecraft:oak_log":69,"minecraft:chainmail_chestplate":2,"artifacts:superstitious_hat":4,"artifacts:cloud_in_a_bottle":1,"minecraft:gunpowder":3,"minecraft:paper":212,"embellishcraft:sturdy_white_steel_door":3,"embellishcraft:gneiss_large_bricks_wall":2,"minecraft:cooked_mutton":13,"apocalypsenow:u_sarmy_leggings":9,"immersiveengineering:concrete_sheet":8,"apocalypsenow:construction_leggings":8,"minecraft:apple":6,"minecraft:stone_bricks":36,"alexsmobs:cockroach_wing_fragment":1,"embellishcraft:spruce_wooden_crate":1,"apocalypsenow:money":159,"minecraft:iron_ingot":65,"minecraft:stone_pickaxe":2,"apocalypsenow:red_bikers_helmet":2,"cfm:stripped_oak_desk_cabinet":3,"apocalypsenow:crowbar":2,"minecraft:glass_bottle":29,"cfm:stripped_dark_oak_desk_cabinet":1,"minecraft:gray_bed":1,"sophisticatedbackpacks:diamond_backpack":2,"apocalypsenow:blue_football_armor_boots":1,"apocalypsenow:grape_juice":8,"pfm:basic_plate":1,"minecraft:emerald_block":3,"apocalypsenow:royal_canada_police_officer_leggings":3,"nameless_trinkets:experience_battery":1,"minecraft:daylight_detector":1,"embellishcraft:smooth_basalt_slab":3,"minecraft:gravel":7,"apocalypsenow:vodka":11,"pfm:white_fridge":2,"minecraft:white_bed":5,"apocalypsenow:red_football_armor_leggings":2,"pfm:wall_toilet_paper":1,"create:brass_ingot":20,"immersiveengineering:seed":14,"xpbook:xp_tome":2,"minecraft:stone_axe":1,"apocalypsenow:bear_trap":3,"minecraft:chainmail_leggings":3,"quark:oak_hedge":1,"minecraft:diamond_axe":7,"minecraft:painting":7,"minecraft:gray_wool":78,"embellishcraft:air_duct":2,"minecraft:baked_potato":1,"embellishcraft:polished_slate_stairs":1,"tac:m1a1_smg":2,"minecraft:coal":96}},"DataVersion":2975}