{"stats":{"minecraft:custom":{"lootr:looted_stat":90,"minecraft:interact_with_crafting_table":55,"minecraft:open_barrel":17,"minecraft:open_shulker_box":13,"minecraft:bell_ring":1,"minecraft:leave_game":2,"minecraft:time_since_death":4862,"minecraft:sprint_one_cm":615000,"minecraft:drop":238,"minecraft:talked_to_villager":16,"minecraft:play_time":394403,"minecraft:deaths":12,"minecraft:jump":5732,"minecraft:walk_on_water_one_cm":16527,"minecraft:interact_with_furnace":66,"minecraft:traded_with_villager":44,"minecraft:stove_opened":7,"minecraft:sleep_in_bed":14,"minecraft:open_enderchest":1,"minecraft:damage_dealt":81673,"minecraft:player_kills":4,"minecraft:crouch_one_cm":82281,"minecraft:interact_with_smoker":4,"minecraft:use_cauldron":3,"minecraft:mob_kills":495,"minecraft:fill_cauldron":1,"minecraft:damage_dealt_resisted":2794,"minecraft:climb_one_cm":42402,"minecraft:walk_one_cm":1467654,"minecraft:fridge_opened":20,"minecraft:sneak_time":32362,"minecraft:walk_under_water_one_cm":17026,"minecraft:interact_with_blast_furnace":2,"minecraft:drawer_searched":7,"minecraft:total_world_time":394403,"minecraft:trashcan_opened":4,"minecraft:cabinet_searched":3,"minecraft:time_since_rest":4893,"minecraft:trigger_trapped_chest":4,"minecraft:damage_taken":8145,"minecraft:swim_one_cm":7044,"minecraft:freezer_opened":15,"minecraft:fly_one_cm":595647,"minecraft:open_chest":274,"minecraft:fall_one_cm":58041},"minecraft:broken":{"apocalypsenow:construction_boots":1,"apocalypsenow:electric_baton":1,"minecraft:iron_pickaxe":1,"apocalypsenow:u_sarmy_helmet":1},"minecraft:killed":{"undead_revamp2:thesmoker":22,"zombiemobs:zombie_panda":1,"minecraft:zombie_villager":2,"undead_revamp2:theordure":1,"minecraft:zombie":320,"zombie_extreme:infected_police":4,"hordes:zombie_player":8,"undead_revamp2:bomber":2,"zombie_extreme:runner":5,"zombie_extreme:crawler":6,"minecraft:husk":49,"undead_revamp2:the_moonflower":5,"minecraft:bat":3,"alexsmobs:cockroach":1},"minecraft:used":{"embellishcraft:sturdy_steel_door":1,"minecraft:chest":2,"quark:iron_ladder":1,"immersivepetroleum:asphalt":6,"embellishcraft:smooth_marble":30,"apocalypsenow:coffee":1,"minecraft:cyan_terracotta":3,"farmersdelight:fried_rice":2,"apocalypsenow:beer":1,"minecraft:birch_sapling":1,"farmersdelight:melon_popsicle":51,"farmersdelight:glow_berry_custard":4,"minecraft:stone_bricks":9,"minecraft:furnace":13,"apocalypsenow:electric_baton":1266,"zombie_extreme:vending_machine":2,"minecraft:stone_pickaxe":158,"minecraft:oak_planks":391,"minecraft:diamond_axe":247,"apocalypsenow:iron_locker":4,"minecraft:wooden_pickaxe":2,"minecraft:cookie":2,"farmersdelight:chicken_sandwich":5,"apocalypsenow:coke":1,"farmersdelight:honey_cookie":3,"easy_villagers:villager":1,"minecraft:bread":12,"embellishcraft:smooth_basalt":2,"simpleplanes:plane_workbench":1,"minecraft:wooden_sword":32,"apocalypsenow:mace":11,"embellishcraft:polished_marble":3,"pfm:oak_gray_simple_bed":1,"minecraft:iron_bars":4,"minecraft:spruce_planks":4,"minecraft:brown_shulker_box":5,"cfm:stripped_oak_desk_cabinet":1,"minecraft:torch":123,"minecraft:dirt":12,"apocalypsenow:orange_juice":3,"minecraft:granite":1,"apocalypsenow:knife":252,"minecraft:wooden_axe":8,"minecraft:iron_block":2,"minecraft:iron_axe":108,"biomesoplenty:smooth_white_sandstone":7,"apocalypsenow:fire_axe":64,"apocalypsenow:lumber_jack_axe":67,"apocalypsenow:porpsi":6,"minecraft:brown_bed":3,"minecraft:water_bucket":19,"minecraft:birch_planks":123,"minecraft:glass_bottle":43,"minecraft:baked_potato":7,"minecraft:crafting_table":5,"minecraft:white_bed":2,"minecraft:campfire":5,"minecraft:diamond_pickaxe":509,"farmersdelight:apple_cider":2,"minecraft:iron_pickaxe":278,"minecraft:stone_slab":3,"minecraft:cobblestone":115,"minecraft:potion":42,"cfm:stripped_oak_bedside_cabinet":6,"minecraft:bucket":21,"cfm:stripped_oak_cabinet":2,"create:elevator_pulley":1,"minecraft:gray_wool":1},"minecraft:dropped":{"farmersdelight:hamburger":11,"farmersdelight:honey_cookie":2,"minecraft:birch_planks":6,"contenttweaker:rubber":2,"minecraft:glass_bottle":1,"minecraft:diamond":2,"tac:round45":16,"tac:m1911":1,"artifacts:cloud_in_a_bottle":1,"embellishcraft:oak_terrace_table":2,"apocalypsenow:medicalkit":12,"embellishcraft:white_steel_door":1,"refinedstorage:cable":11,"sophisticatedbackpacks:gold_backpack":1,"minecraft:cyan_terracotta":3,"minecraft:dirt":7,"firstaid:bandage":4,"quark:iron_ladder":1,"apocalypsenow:construction_leggings":1,"embellishcraft:smooth_basalt":7,"embellishcraft:gray_corrugated_metal_plate_pressure_plate":2,"minecraft:wooden_sword":1,"minecraft:iron_pickaxe":1,"ftbquests:book":1,"minecraft:birch_log":20,"embellishcraft:polished_marble":2,"minecraft:gold_ingot":38,"minecraft:bone":96,"minecraft:green_wool":2,"minecraft:stone_axe":1,"apocalypsenow:safe":1,"cfm:gray_kitchen_sink":2,"apocalypsenow:small_can":4,"apocalypsenow:royal_canada_police_officer_leggings":1,"minecraft:birch_sapling":8,"farmersdelight:cabbage":3,"minecraft:rotten_flesh":122,"minecraft:oak_planks":2,"apocalypsenow:money":199,"immersiveengineering:metal_barrel":1,"refinedstorage:improved_processor":1,"apocalypsenow:bloodybandages":2,"immersiveengineering:sheetmetal_iron":1,"minecraft:salmon":8,"minecraft:carrot":3,"minecraft:chainmail_chestplate":1,"apocalypsenow:coffee":1,"artifacts:umbrella":1,"farmersdelight:honey_glazed_ham_block":2,"camera:camera":1,"apocalypsenow:fire_axe":1,"tac:deagle_357":1,"apocalypsenow:can_opener":1,"immersiveengineering:seed":12,"minecraft:egg":8,"apocalypsenow:human_flesh":8,"quark:spruce_vertical_slab":1,"minecraft:water_bucket":3,"minecraft:iron_ingot":37,"immersiveengineering:concrete":2,"apocalypsenow:police_boots":1,"apocalypsenow:police_helmet":2,"minecraft:wheat_seeds":3,"farmersdelight:skillet":1,"apocalypsenow:mace":1,"minecraft:granite":27,"quark:gray_shard":15,"apocalypsenow:knife":1,"apocalypsenow:u_sarmy_boots":1,"minecraft:iron_block":10,"createdeco:cast_iron_mesh_fence":1,"minecraft:diorite":1,"chalk:red_chalk":2,"minecraft:torch":44,"minecraft:smooth_quartz":4,"minecraft:iron_door":7,"minecraft:potion":24,"pfm:oak_gray_simple_bed":1,"minecraft:smooth_stone":1,"minecraft:string":7,"minecraft:bucket":1,"apocalypsenow:energy_drink":2,"chalk:blue_chalk":2,"artifacts:bunny_hoppers":1,"minecraft:polished_deepslate":1,"apocalypsenow:u_sarmy_chestplate":1,"minecraft:smooth_stone_slab":2,"minecraft:bowl":1,"farmersdelight:kelp_roll_slice":1,"minecraft:stone_shovel":1,"apocalypsenow:police_chestplate":2,"farmersdelight:tomato_sauce":3,"embellishcraft:plate":1,"farmersdelight:chicken_sandwich":3,"minecraft:potato":5,"tac:udp_9":1,"minecraft:andesite":9,"minecraft:quartz_stairs":1,"artifacts:antidote_vessel":1,"minecraft:oak_sapling":22,"apocalypsenow:electric_baton":1,"minecraft:stone_bricks":2,"artifacts:cross_necklace":1,"minecraft:stone_pickaxe":2,"apocalypsenow:forestguard_leggings":1,"minecraft:wooden_pickaxe":1,"tac:9mm_round":227,"quark:smooth_quartz_vertical_slab":4,"farmersdelight:tomato":3},"minecraft:mined":{"minecraft:dark_oak_planks":1,"create:deepslate_zinc_ore":11,"pfm:dark_wood_kitchen_cabinet":3,"minecraft:spruce_planks":8,"farmersdelight:rice_bag":5,"embellishcraft:sturdy_steel_door":3,"minecraft:oak_sapling":3,"embellishcraft:white_steel_door":4,"pfm:light_wood_kitchen_drawer":4,"immersiveengineering:fluid_pipe":1,"create:andesite_casing":3,"apocalypsenow:safe":1,"quark:oak_post":1,"farmersdelight:tomato_crate":3,"cfm:stripped_spruce_park_bench":3,"embellishcraft:sturdy_white_steel_door":1,"minecraft:granite":29,"minecraft:grass_block":12,"minecraft:light_gray_bed":4,"biomesoplenty:smooth_white_sandstone":18,"quark:azalea_hedge":2,"minecraft:spawner":67,"embellishcraft:smooth_basalt":22,"minecraft:smooth_stone":5,"cfm:gray_kitchen_sink":1,"cfm:stripped_dark_oak_bedside_cabinet":3,"quark:calcite_bricks":4,"minecraft:barrel":4,"minecraft:iron_ore":1,"minecraft:anvil":1,"minecraft:deepslate_lapis_ore":4,"pfm:light_wood_kitchen_counter":2,"cfm:stripped_oak_bedside_cabinet":8,"pfm:white_fridge":5,"minecraft:brown_bed":3,"another_furniture:dark_oak_drawer":4,"cfm:stripped_spruce_kitchen_drawer":14,"minecraft:oak_stairs":1,"minecraft:iron_bars":6,"minecraft:iron_block":12,"create:cogwheel":1,"minecraft:deepslate_redstone_ore":4,"minecraft:brown_shulker_box":7,"minecraft:gray_terracotta":4,"cfm:stripped_oak_cabinet":8,"minecraft:quartz_block":8,"minecraft:cyan_terracotta":17,"immersiveengineering:metal_barrel":1,"farmersdelight:potato_crate":4,"apocalypsenow:money_block":9,"minecraft:torch":4,"farmersdelight:cabbage_crate":3,"embellishcraft:polished_marble":2,"quark:gray_framed_glass":2,"minecraft:cobblestone":6,"apocalypsenow:medical_storage":1,"createaddition:barbed_wire":42,"minecraft:oak_planks":19,"minecraft:bricks":2,"minecraft:iron_door":11,"minecraft:wall_torch":6,"pfm:dark_wood_kitchen_drawer":3,"minecraft:cauldron":4,"minecraft:birch_sapling":2,"immersiveengineering:storage_steel":3,"another_furniture:oak_drawer":5,"minecraft:birch_log":9,"quark:gunpowder_sack":4,"quark:spruce_vertical_slab":2,"quark:azalea_post":2,"minecraft:smooth_stone_slab":7,"minecraft:grass":3,"cfm:gray_kitchen_counter":2,"create:vertical_framed_glass_pane":4,"create:framed_glass_trapdoor":2,"quark:stone_vertical_slab":2,"cfm:brown_kitchen_counter":4,"minecraft:dirt":14,"minecraft:smooth_quartz":4,"pfm:oak_gray_simple_bed":2,"minecraft:wither_skeleton_skull":1,"create:andesite_encased_cogwheel":4,"create:zinc_ore":1,"minecraft:deepslate":185,"cfm:cyan_kitchen_counter":4,"minecraft:oak_leaves":7,"quark:iron_ladder":2,"quark:smooth_quartz_vertical_slab":4,"minecraft:tuff":15,"embellishcraft:gray_corrugated_metal_plate_pressure_plate":1,"minecraft:quartz_stairs":1,"minecraft:dark_oak_leaves":1,"minecraft:gray_stained_glass_pane":4,"cfm:cyan_cooler":6,"immersiveengineering:concrete_quarter":1,"rocks:rock":1,"minecraft:moss_block":2,"apocalypsenow:iron_locker":4,"immersivepetroleum:asphalt":7,"minecraft:furnace":12,"farmersdelight:spruce_cabinet":7,"minecraft:andesite":9,"pfm:light_wood_kitchen_wall_drawer":3,"createdeco:cast_iron_mesh_fence":1,"minecraft:gold_block":5,"minecraft:polished_deepslate":1,"minecraft:bookshelf":3,"pfm:white_mirror":2,"embellishcraft:warning_steel_door":2,"minecraft:stripped_oak_log":26,"create:elevator_pulley":1,"minecraft:stone":112,"minecraft:green_wool":4,"zombie_extreme:vending_machine":2,"apocalypsenow:planksc":1,"embellishcraft:steel_door":8,"pfm:dark_wood_kitchen_wall_drawer":3,"immersiveengineering:sheetmetal_iron":1,"pfm:light_wood_kitchen_sink":1,"embellishcraft:oak_terrace_table":2,"minecraft:stone_brick_slab":1,"minecraft:crafting_table":1,"embellishcraft:polished_marble_slab":1,"create:mechanical_pump":1,"minecraft:gray_stained_glass":9,"farmersdelight:carrot_crate":2,"minecraft:campfire":1,"minecraft:stone_slab":6,"minecraft:deepslate_gold_ore":3,"minecraft:diorite":14,"cfm:stripped_oak_desk_cabinet":2,"immersiveengineering:concrete":2,"minecraft:red_terracotta":1,"minecraft:black_stained_glass":2,"minecraft:gray_wool":1,"minecraft:birch_planks":22,"create:gearbox":3,"minecraft:birch_leaves":17,"immersiveengineering:steel_scaffolding_standard":1,"embellishcraft:smooth_marble":60,"minecraft:gravel":3,"minecraft:cobweb":39,"create:brass_block":8,"minecraft:stone_bricks":24},"minecraft:crafted":{"minecraft:oak_planks":4,"tac:ae50":104,"minecraft:chest":2,"minecraft:crafting_table":1,"minecraft:diamond_axe":1,"minecraft:baked_potato":20,"minecraft:campfire":5,"tac:10_gauge_round":96,"minecraft:diamond_pickaxe":1,"minecraft:charcoal":4,"sophisticatedbackpacks:diamond_backpack":1,"minecraft:stick":8,"minecraft:iron_pickaxe":3,"minecraft:wooden_sword":1,"apocalypsenow:u_sarmy_chestplate":1,"simpleplanes:plane_workbench":1,"minecraft:furnace":1,"minecraft:iron_axe":4,"minecraft:stone_pickaxe":1,"tac:round45":64,"tac:nato_556_bullet":36,"minecraft:bucket":2,"tac:9mm_round":96,"minecraft:air":1290,"apocalypsenow:knife":1,"minecraft:potion":52,"minecraft:white_wool":21,"immersiveengineering:plate_duroplast":4,"minecraft:wooden_axe":1,"firstaid:bandage":7,"minecraft:white_bed":2,"minecraft:torch":6},"minecraft:killed_by":{"undead_revamp2:the_moonflower":2,"undead_revamp2:bomber":1,"minecraft:zombie":3,"minecraft:player":3,"hordes:zombie_player":1},"minecraft:picked_up":{"apocalypsenow:apple_juice":32,"apocalypsenow:energy_drink":3,"minecraft:anvil":1,"pfm:light_wood_kitchen_drawer":3,"tac:udp_9":3,"artifacts:bunny_hoppers":1,"immersiveengineering:plate_duroplast":18,"apocalypsenow:bloodybandages":21,"embellishcraft:warning_steel_door":2,"minecraft:stone_slab":3,"artifacts:umbrella":1,"cfm:brown_kitchen_counter":2,"minecraft:brown_bed":3,"minecraft:potion":76,"apocalypsenow:can_opener":6,"pfm:dark_wood_kitchen_cabinet":3,"create:bar_of_chocolate":6,"embellishcraft:white_steel_door":3,"minecraft:polished_deepslate":1,"minecraft:string":566,"tac:tec_9":2,"minecraft:smooth_stone_slab":2,"pfm:oak_gray_simple_bed":2,"minecraft:activator_rail":3,"minecraft:cobbled_deepslate":245,"farmersdelight:vegetable_noodles":30,"farmersdelight:fried_rice":2,"apocalypsenow:knife":2,"minecraft:smooth_stone":1,"farmersdelight:cabbage":12,"minecraft:bucket":1,"minecraft:spruce_planks":8,"farmersdelight:pasta_with_meatballs":16,"minecraft:smooth_quartz":4,"minecraft:iron_pickaxe":4,"farmersdelight:ratatouille":28,"minecraft:furnace":12,"farmersdelight:potato_crate":4,"minecraft:stick":190,"embellishcraft:smooth_slate":1,"embellishcraft:smooth_marble":42,"tac:m4":1,"apocalypsenow:canned_pork":5,"minecraft:torch":297,"apocalypsenow:plank":3,"create:andesite_casing":3,"tac:mp9":2,"minecraft:diorite":13,"chalk:blue_chalk":1,"farmersdelight:chicken_cuts":2,"apocalypsenow:iron_baseball_bat":1,"apocalypsenow:fire_figther_leggings":1,"camera:album":2,"quark:spruce_vertical_slab":1,"minecraft:cauldron":1,"quark:smooth_quartz_vertical_slab":6,"immersiveengineering:fluid_pipe":1,"farmersdelight:melon_popsicle":4,"minecraft:quartz_block":2,"farmersdelight:tomato_crate":3,"apocalypsenow:porpsi":44,"apocalypsenow:iron_locker":4,"embellishcraft:steel_door":1,"minecraft:rotten_flesh":580,"createaddition:barbed_wire":69,"farmersdelight:onion":10,"quark:calcite_bricks":3,"minecraft:brown_shulker_box":8,"minecraft:iron_block":21,"minecraft:cyan_terracotta":16,"pfm:dark_wood_kitchen_drawer":3,"minecraft:green_wool":2,"apocalypsenow:police_boots":1,"refinedstorage:1k_storage_part":1,"farmersdelight:melon_juice":2,"quark:oak_post":1,"apocalypsenow:money_block":33,"minecraft:iron_bars":4,"minecraft:cobblestone":171,"minecraft:lapis_lazuli":31,"minecraft:tuff":15,"minecraft:birch_log":128,"apocalypsenow:u_sarmy_boots":4,"apocalypsenow:club":2,"tac:round45":274,"minecraft:leather_chestplate":1,"cfm:stripped_oak_bedside_cabinet":6,"apocalypsenow:canned_melon":3,"farmersdelight:rice":3,"apocalypsenow:peach_juice":20,"minecraft:iron_door":12,"apocalypsenow:coffee":23,"minecraft:water_bucket":4,"minecraft:andesite":9,"apocalypsenow:hunting_helmet":2,"apocalypsenow:rolling_pin":2,"create:raw_zinc":11,"artifacts:thorn_pendant":2,"minecraft:potato":29,"farmersdelight:bacon":12,"apocalypsenow:cereal":54,"contenttweaker:research_paper_2":1,"quark:iron_ladder":2,"contenttweaker:rubber":12,"farmersdelight:roast_chicken_block":1,"immersivepetroleum:asphalt":6,"apocalypsenow:canned_tomatos":10,"minecraft:wither_skeleton_skull":2,"apocalypsenow:construction_chestplate":1,"farmersdelight:carrot_crate":2,"farmersdelight:chicken_sandwich":13,"minecraft:dirt":20,"farmersdelight:tomato":16,"immersiveengineering:sheetmetal_iron":1,"minecraft:lantern":1,"farmersdelight:shepherds_pie_block":1,"minecraft:bone":328,"apocalypsenow:medical_storage":1,"minecraft:wheat_seeds":3,"minecraft:gray_terracotta":2,"apocalypsenow:human_flesh":20,"minecraft:raw_gold":3,"apocalypsenow:royal_canada_police_officer_chestplate":2,"apocalypsenow:beer":22,"pfm:dark_wood_kitchen_wall_drawer":3,"artifacts:antidote_vessel":2,"apocalypsenow:cloth":28,"tac:9mm_round":203,"apocalypsenow:electric_baton":3,"apocalypsenow:police_helmet":1,"pfm:light_wood_kitchen_sink":1,"minecraft:oak_planks":33,"firstaid:plaster":44,"apocalypsenow:canned_carrot":25,"apocalypsenow:u_sarmy_chestplate":7,"create:cogwheel":5,"farmersdelight:spruce_cabinet":7,"apocalypsenow:small_can":3,"chalk:red_chalk":1,"apocalypsenow:chips":62,"apocalypsenow:black_motorcycle_helmet_helmet":1,"apocalypsenow:dagger":1,"minecraft:barrel":4,"minecraft:red_terracotta":1,"apocalypsenow:coke":88,"farmersdelight:glow_berry_custard":4,"embellishcraft:oak_terrace_table":4,"minecraft:diamond":10,"minecraft:granite":34,"farmersdelight:rice_bag":5,"minecraft:bread":10,"biomesoplenty:smooth_white_sandstone":7,"minecraft:oak_sapling":57,"apocalypsenow:construction_helmet":1,"apocalypsenow:bread_knife":2,"minecraft:bricks":2,"sophisticatedbackpacks:gold_backpack":1,"cfm:gray_kitchen_sink":3,"minecraft:charcoal":4,"minecraft:crafting_table":1,"apocalypsenow:letter_opener":2,"cfm:stripped_spruce_park_bench":3,"minecraft:chicken":11,"cfm:stripped_oak_cabinet":2,"minecraft:wooden_pickaxe":2,"farmersdelight:tomato_sauce":3,"minecraft:gold_block":5,"apocalypsenow:u_sarmy_helmet":3,"quark:gunpowder_sack":4,"minecraft:wooden_sword":1,"cfm:stripped_dark_oak_bedside_cabinet":3,"artifacts:fire_gauntlet":1,"apocalypsenow:medicalkit":58,"minecraft:detector_rail":5,"embellishcraft:smooth_basalt":14,"apocalypsenow:lumber_jack_axe":2,"apocalypsenow:construction_boots":3,"apocalypsenow:mace":2,"minecraft:beef":2,"apocalypsenow:fire_axe":1,"farmersdelight:cod_slice":3,"embellishcraft:sturdy_steel_door":6,"minecraft:quartz_stairs":1,"minecraft:birch_sapling":16,"apocalypsenow:hookey_stick":1,"minecraft:egg":35,"createdeco:cast_iron_mesh_fence":1,"cfm:cyan_kitchen_counter":3,"another_furniture:dark_oak_drawer":4,"minecraft:raw_iron":1,"farmersdelight:cabbage_crate":3,"farmersdelight:minced_beef":18,"pfm:light_wood_kitchen_wall_drawer":2,"apocalypsenow:pipe_wrench":2,"minecraft:cookie":7,"farmersdelight:fish_stew":1,"minecraft:carrot":4,"minecraft:redstone":19,"immersiveengineering:concrete":2,"apocalypsenow:forestguard_leggings":1,"tac:b_magnum":40,"create:vertical_gearbox":3,"apocalypsenow:whisky":18,"apocalypsenow:baseball_bat":1,"another_furniture:oak_drawer":5,"farmersdelight:hamburger":10,"apocalypsenow:red_football_armor_boots":1,"artifacts:cross_necklace":1,"farmersdelight:beef_stew":2,"firstaid:bandage":15,"minecraft:gold_ingot":152,"minecraft:mutton":8,"minecraft:rail":27,"minecraft:white_wool":25,"apocalypsenow:suturekit":30,"minecraft:stripped_oak_log":26,"immersiveengineering:metal_barrel":1,"minecraft:salmon":8,"embellishcraft:gray_corrugated_metal_plate_pressure_plate":2,"apocalypsenow:orange_juice":9,"minecraft:birch_planks":27,"create:brass_block":7,"embellishcraft:polished_marble":3,"minecraft:oak_log":150,"artifacts:superstitious_hat":2,"artifacts:cloud_in_a_bottle":2,"farmersdelight:skillet":4,"pfm:light_wood_kitchen_counter":2,"minecraft:paper":84,"minecraft:cooked_mutton":4,"tac:m1911":2,"apocalypsenow:u_sarmy_leggings":1,"farmersdelight:honey_glazed_ham_block":2,"embellishcraft:plate":2,"minecraft:gray_carpet":2,"apocalypsenow:construction_leggings":5,"minecraft:apple":7,"minecraft:stone_bricks":17,"farmersdelight:fruit_salad":2,"farmersdelight:apple_cider":21,"tac:nato_556_bullet":36,"minecraft:iron_ingot":3,"apocalypsenow:money":652,"tac:deagle_357":2,"minecraft:stone_pickaxe":3,"zombie_extreme:vending_machine":2,"cfm:stripped_oak_desk_cabinet":1,"apocalypsenow:fire_figther_helmet":1,"apocalypsenow:crowbar":2,"immersiveengineering:storage_steel":3,"artifacts:steadfast_spikes":4,"minecraft:glass_bottle":71,"create:elevator_pulley":1,"tac:ae50":82,"apocalypsenow:grape_juice":11,"nameless_trinkets:experience_battery":1,"cfm:cyan_cooler":12,"contenttweaker:resistant_fabric":30,"apocalypsenow:royal_canada_police_officer_leggings":3,"cfm:stripped_spruce_kitchen_drawer":28,"apocalypsenow:vodka":21,"pfm:white_fridge":4,"farmersdelight:roasted_mutton_chops":29,"create:mechanical_pump":1,"minecraft:gray_wool":1,"apocalypsenow:safe":2,"minecraft:baked_potato":8,"quark:gray_shard":28,"tac:m1a1_smg":2,"minecraft:coal":29,"farmersdelight:honey_cookie":2,"minecraft:wheat":8}},"DataVersion":2975}